date,Battery (Charging) -  GWh,Exports -  GWh,Imports -  GWh,Distillate -  GWh,Gas (Steam) -  GWh,Gas (CCGT) -  GWh,Gas (OCGT) -  GWh,Hydro -  GWh,Wind -  GWh,Solar (Rooftop) -  GWh,Temperature Max - C,Temperature Mean - C,Temperature Min - C,Exports Emissions Vol - tCO₂e,Imports Emissions Vol - tCO₂e,Distillate Emissions Vol - tCO₂e,Gas (Steam) Emissions Vol - tCO₂e,Gas (CCGT) Emissions Vol - tCO₂e,Gas (OCGT) Emissions Vol - tCO₂e,Emissions Intensity - kgCO₂e/MWh,Volume Weighted Price - AUD/MWh,Battery (Charging) Market Value - AUD,Exports Market Value - AUD,Imports Market Value - AUD,Distillate Market Value - AUD,Gas (Steam) Market Value - AUD,Gas (CCGT) Market Value - AUD,Gas (OCGT) Market Value - AUD,Hydro Market Value - AUD,Wind Market Value - AUD,Solar (Rooftop) Market Value - AUD
1998-12-01,0.00,0.00,0.00,0.00,0.00,0.00,0.00,0.00,0.00,0.00,38.20,0.00,7.70,0.00,0.00,0.00,0.00,0.00,0.00,0.00,0.00,0.00,0.00,0.00,0.00,0.00,0.00,0.00,0.00,0.00,0.00
1999-01-01,0.00,0.00,0.00,0.00,0.00,0.00,0.00,0.00,0.00,0.00,29.20,0.00,9.00,0.00,0.00,0.00,0.00,0.00,0.00,0.00,0.00,0.00,0.00,0.00,0.00,0.00,0.00,0.00,0.00,0.00,0.00
1999-02-01,0.00,0.00,0.00,0.00,0.00,0.00,0.00,0.00,0.00,0.00,32.60,0.00,7.90,0.00,0.00,0.00,0.00,0.00,0.00,0.00,0.00,0.00,0.00,0.00,0.00,0.00,0.00,0.00,0.00,0.00,0.00
1999-03-01,0.00,0.00,0.00,0.00,0.00,0.00,0.00,0.00,0.00,0.00,26.90,0.00,6.80,0.00,0.00,0.00,0.00,0.00,0.00,0.00,0.00,0.00,0.00,0.00,0.00,0.00,0.00,0.00,0.00,0.00,0.00
1999-04-01,0.00,0.00,0.00,0.00,0.00,0.00,0.00,0.00,0.00,0.00,22.20,0.00,2.20,0.00,0.00,0.00,0.00,0.00,0.00,0.00,0.00,0.00,0.00,0.00,0.00,0.00,0.00,0.00,0.00,0.00,0.00
1999-05-01,0.00,0.00,0.00,0.00,0.00,0.00,0.00,0.00,0.00,0.00,20.90,0.00,3.00,0.00,0.00,0.00,0.00,0.00,0.00,0.00,0.00,0.00,0.00,0.00,0.00,0.00,0.00,0.00,0.00,0.00,0.00
1999-06-01,0.00,0.00,0.00,0.00,0.00,0.00,0.00,0.00,0.00,0.00,18.00,0.00,1.10,0.00,0.00,0.00,0.00,0.00,0.00,0.00,0.00,0.00,0.00,0.00,0.00,0.00,0.00,0.00,0.00,0.00,0.00
1999-07-01,0.00,0.00,0.00,0.00,0.00,0.00,0.00,0.00,0.00,0.00,16.50,0.00,2.00,0.00,0.00,0.00,0.00,0.00,0.00,0.00,0.00,0.00,0.00,0.00,0.00,0.00,0.00,0.00,0.00,0.00,0.00
1999-08-01,0.00,0.00,0.00,0.00,0.00,0.00,0.00,0.00,0.00,0.00,21.50,0.00,2.30,0.00,0.00,0.00,0.00,0.00,0.00,0.00,0.00,0.00,0.00,0.00,0.00,0.00,0.00,0.00,0.00,0.00,0.00
1999-09-01,0.00,0.00,0.00,0.00,0.00,0.00,0.00,0.00,0.00,0.00,26.30,0.00,1.90,0.00,0.00,0.00,0.00,0.00,0.00,0.00,0.00,0.00,0.00,0.00,0.00,0.00,0.00,0.00,0.00,0.00,0.00
1999-10-01,0.00,0.00,0.00,0.00,0.00,0.00,0.00,0.00,0.00,0.00,27.20,0.00,4.20,0.00,0.00,0.00,0.00,0.00,0.00,0.00,0.00,0.00,0.00,0.00,0.00,0.00,0.00,0.00,0.00,0.00,0.00
1999-11-01,0.00,0.00,0.00,0.00,0.00,0.00,0.00,0.00,0.00,0.00,27.80,0.00,4.30,0.00,0.00,0.00,0.00,0.00,0.00,0.00,0.00,0.00,0.00,0.00,0.00,0.00,0.00,0.00,0.00,0.00,0.00
1999-12-01,0.00,0.00,0.00,0.00,0.00,0.00,0.00,0.00,0.00,0.00,35.20,0.00,6.70,0.00,0.00,0.00,0.00,0.00,0.00,0.00,0.00,0.00,0.00,0.00,0.00,0.00,0.00,0.00,0.00,0.00,0.00
2000-01-01,0.00,0.00,0.00,0.00,0.00,0.00,0.00,0.00,0.00,0.00,31.50,0.00,6.90,0.00,0.00,0.00,0.00,0.00,0.00,0.00,0.00,0.00,0.00,0.00,0.00,0.00,0.00,0.00,0.00,0.00,0.00
2000-02-01,0.00,0.00,0.00,0.00,0.00,0.00,0.00,0.00,0.00,0.00,36.10,0.00,8.90,0.00,0.00,0.00,0.00,0.00,0.00,0.00,0.00,0.00,0.00,0.00,0.00,0.00,0.00,0.00,0.00,0.00,0.00
2000-03-01,0.00,0.00,0.00,0.00,0.00,0.00,0.00,0.00,0.00,0.00,34.30,0.00,6.30,0.00,0.00,0.00,0.00,0.00,0.00,0.00,0.00,0.00,0.00,0.00,0.00,0.00,0.00,0.00,0.00,0.00,0.00
2000-04-01,0.00,0.00,0.00,0.00,0.00,0.00,0.00,0.00,0.00,0.00,25.70,0.00,4.80,0.00,0.00,0.00,0.00,0.00,0.00,0.00,0.00,0.00,0.00,0.00,0.00,0.00,0.00,0.00,0.00,0.00,0.00
2000-05-01,0.00,0.00,0.00,0.00,0.00,0.00,0.00,0.00,0.00,0.00,21.90,0.00,4.90,0.00,0.00,0.00,0.00,0.00,0.00,0.00,0.00,0.00,0.00,0.00,0.00,0.00,0.00,0.00,0.00,0.00,0.00
2000-06-01,0.00,0.00,0.00,0.00,0.00,0.00,0.00,0.00,0.00,0.00,18.90,0.00,2.20,0.00,0.00,0.00,0.00,0.00,0.00,0.00,0.00,0.00,0.00,0.00,0.00,0.00,0.00,0.00,0.00,0.00,0.00
2000-07-01,0.00,0.00,0.00,0.00,0.00,0.00,0.00,0.00,0.00,0.00,18.30,0.00,1.00,0.00,0.00,0.00,0.00,0.00,0.00,0.00,0.00,0.00,0.00,0.00,0.00,0.00,0.00,0.00,0.00,0.00,0.00
2000-08-01,0.00,0.00,0.00,0.00,0.00,0.00,0.00,0.00,0.00,0.00,18.00,0.00,2.40,0.00,0.00,0.00,0.00,0.00,0.00,0.00,0.00,0.00,0.00,0.00,0.00,0.00,0.00,0.00,0.00,0.00,0.00
2000-09-01,0.00,0.00,0.00,0.00,0.00,0.00,0.00,0.00,0.00,0.00,22.90,0.00,3.00,0.00,0.00,0.00,0.00,0.00,0.00,0.00,0.00,0.00,0.00,0.00,0.00,0.00,0.00,0.00,0.00,0.00,0.00
2000-10-01,0.00,0.00,0.00,0.00,0.00,0.00,0.00,0.00,0.00,0.00,27.60,0.00,1.80,0.00,0.00,0.00,0.00,0.00,0.00,0.00,0.00,0.00,0.00,0.00,0.00,0.00,0.00,0.00,0.00,0.00,0.00
2000-11-01,0.00,0.00,0.00,0.00,0.00,0.00,0.00,0.00,0.00,0.00,29.80,0.00,7.60,0.00,0.00,0.00,0.00,0.00,0.00,0.00,0.00,0.00,0.00,0.00,0.00,0.00,0.00,0.00,0.00,0.00,0.00
2000-12-01,0.00,0.00,0.00,0.00,0.00,0.00,0.00,0.00,0.00,0.00,32.10,0.00,6.70,0.00,0.00,0.00,0.00,0.00,0.00,0.00,0.00,0.00,0.00,0.00,0.00,0.00,0.00,0.00,0.00,0.00,0.00
2001-01-01,0.00,0.00,0.00,0.00,0.00,0.00,0.00,0.00,0.00,0.00,32.00,0.00,8.80,0.00,0.00,0.00,0.00,0.00,0.00,0.00,0.00,0.00,0.00,0.00,0.00,0.00,0.00,0.00,0.00,0.00,0.00
2001-02-01,0.00,0.00,0.00,0.00,0.00,0.00,0.00,0.00,0.00,0.00,37.70,0.00,9.90,0.00,0.00,0.00,0.00,0.00,0.00,0.00,0.00,0.00,0.00,0.00,0.00,0.00,0.00,0.00,0.00,0.00,0.00
2001-03-01,0.00,0.00,0.00,0.00,0.00,0.00,0.00,0.00,0.00,0.00,29.00,0.00,7.70,0.00,0.00,0.00,0.00,0.00,0.00,0.00,0.00,0.00,0.00,0.00,0.00,0.00,0.00,0.00,0.00,0.00,0.00
2001-04-01,0.00,0.00,0.00,0.00,0.00,0.00,0.00,0.00,0.00,0.00,26.90,0.00,3.70,0.00,0.00,0.00,0.00,0.00,0.00,0.00,0.00,0.00,0.00,0.00,0.00,0.00,0.00,0.00,0.00,0.00,0.00
2001-05-01,0.00,0.00,0.00,0.00,0.00,0.00,0.00,0.00,0.00,0.00,17.30,0.00,1.10,0.00,0.00,0.00,0.00,0.00,0.00,0.00,0.00,0.00,0.00,0.00,0.00,0.00,0.00,0.00,0.00,0.00,0.00
2001-06-01,0.00,0.00,0.00,0.00,0.00,0.00,0.00,0.00,0.00,0.00,16.60,0.00,2.90,0.00,0.00,0.00,0.00,0.00,0.00,0.00,0.00,0.00,0.00,0.00,0.00,0.00,0.00,0.00,0.00,0.00,0.00
2001-07-01,0.00,0.00,0.00,0.00,0.00,0.00,0.00,0.00,0.00,0.00,15.70,0.00,0.00,0.00,0.00,0.00,0.00,0.00,0.00,0.00,0.00,0.00,0.00,0.00,0.00,0.00,0.00,0.00,0.00,0.00,0.00
2001-08-01,0.00,0.00,0.00,0.00,0.00,0.00,0.00,0.00,0.00,0.00,17.60,0.00,0.90,0.00,0.00,0.00,0.00,0.00,0.00,0.00,0.00,0.00,0.00,0.00,0.00,0.00,0.00,0.00,0.00,0.00,0.00
2001-09-01,0.00,0.00,0.00,0.00,0.00,0.00,0.00,0.00,0.00,0.00,25.10,0.00,3.90,0.00,0.00,0.00,0.00,0.00,0.00,0.00,0.00,0.00,0.00,0.00,0.00,0.00,0.00,0.00,0.00,0.00,0.00
2001-10-01,0.00,0.00,0.00,0.00,0.00,0.00,0.00,0.00,0.00,0.00,25.90,0.00,3.70,0.00,0.00,0.00,0.00,0.00,0.00,0.00,0.00,0.00,0.00,0.00,0.00,0.00,0.00,0.00,0.00,0.00,0.00
2001-11-01,0.00,0.00,0.00,0.00,0.00,0.00,0.00,0.00,0.00,0.00,24.00,0.00,5.70,0.00,0.00,0.00,0.00,0.00,0.00,0.00,0.00,0.00,0.00,0.00,0.00,0.00,0.00,0.00,0.00,0.00,0.00
2001-12-01,0.00,0.00,0.00,0.00,0.00,0.00,0.00,0.00,0.00,0.00,23.60,0.00,4.90,0.00,0.00,0.00,0.00,0.00,0.00,0.00,0.00,0.00,0.00,0.00,0.00,0.00,0.00,0.00,0.00,0.00,0.00
2002-01-01,0.00,0.00,0.00,0.00,0.00,0.00,0.00,0.00,0.00,0.00,27.30,0.00,8.60,0.00,0.00,0.00,0.00,0.00,0.00,0.00,0.00,0.00,0.00,0.00,0.00,0.00,0.00,0.00,0.00,0.00,0.00
2002-02-01,0.00,0.00,0.00,0.00,0.00,0.00,0.00,0.00,0.00,0.00,32.50,0.00,7.90,0.00,0.00,0.00,0.00,0.00,0.00,0.00,0.00,0.00,0.00,0.00,0.00,0.00,0.00,0.00,0.00,0.00,0.00
2002-03-01,0.00,0.00,0.00,0.00,0.00,0.00,0.00,0.00,0.00,0.00,30.10,0.00,6.60,0.00,0.00,0.00,0.00,0.00,0.00,0.00,0.00,0.00,0.00,0.00,0.00,0.00,0.00,0.00,0.00,0.00,0.00
2002-04-01,0.00,0.00,0.00,0.00,0.00,0.00,0.00,0.00,0.00,0.00,27.00,0.00,5.00,0.00,0.00,0.00,0.00,0.00,0.00,0.00,0.00,0.00,0.00,0.00,0.00,0.00,0.00,0.00,0.00,0.00,0.00
2002-05-01,0.00,0.00,0.00,0.00,0.00,0.00,0.00,0.00,0.00,0.00,23.10,0.00,2.30,0.00,0.00,0.00,0.00,0.00,0.00,0.00,0.00,0.00,0.00,0.00,0.00,0.00,0.00,0.00,0.00,0.00,0.00
2002-06-01,0.00,0.00,0.00,0.00,0.00,0.00,0.00,0.00,0.00,0.00,19.20,0.00,1.10,0.00,0.00,0.00,0.00,0.00,0.00,0.00,0.00,0.00,0.00,0.00,0.00,0.00,0.00,0.00,0.00,0.00,0.00
2002-07-01,0.00,0.00,0.00,0.00,0.00,0.00,0.00,0.00,0.00,0.00,18.30,0.00,2.10,0.00,0.00,0.00,0.00,0.00,0.00,0.00,0.00,0.00,0.00,0.00,0.00,0.00,0.00,0.00,0.00,0.00,0.00
2002-08-01,0.00,0.00,0.00,0.00,0.00,0.00,0.00,0.00,0.00,0.00,19.80,0.00,2.60,0.00,0.00,0.00,0.00,0.00,0.00,0.00,0.00,0.00,0.00,0.00,0.00,0.00,0.00,0.00,0.00,0.00,0.00
2002-09-01,0.00,0.00,0.00,0.00,0.00,0.00,0.00,0.00,0.00,0.00,25.30,0.00,1.90,0.00,0.00,0.00,0.00,0.00,0.00,0.00,0.00,0.00,0.00,0.00,0.00,0.00,0.00,0.00,0.00,0.00,0.00
2002-10-01,0.00,0.00,0.00,0.00,0.00,0.00,0.00,0.00,0.00,0.00,25.20,0.00,4.50,0.00,0.00,0.00,0.00,0.00,0.00,0.00,0.00,0.00,0.00,0.00,0.00,0.00,0.00,0.00,0.00,0.00,0.00
2002-11-01,0.00,0.00,0.00,0.00,0.00,0.00,0.00,0.00,0.00,0.00,31.20,0.00,4.70,0.00,0.00,0.00,0.00,0.00,0.00,0.00,0.00,0.00,0.00,0.00,0.00,0.00,0.00,0.00,0.00,0.00,0.00
2002-12-01,0.00,0.00,0.00,0.00,0.00,0.00,0.00,0.00,0.00,0.00,28.80,0.00,6.50,0.00,0.00,0.00,0.00,0.00,0.00,0.00,0.00,0.00,0.00,0.00,0.00,0.00,0.00,0.00,0.00,0.00,0.00
2003-01-01,0.00,0.00,0.00,0.00,0.00,0.00,0.00,0.00,0.00,0.00,37.40,0.00,9.40,0.00,0.00,0.00,0.00,0.00,0.00,0.00,0.00,0.00,0.00,0.00,0.00,0.00,0.00,0.00,0.00,0.00,0.00
2003-02-01,0.00,0.00,0.00,0.00,0.00,0.00,0.00,0.00,0.00,0.00,33.50,0.00,7.50,0.00,0.00,0.00,0.00,0.00,0.00,0.00,0.00,0.00,0.00,0.00,0.00,0.00,0.00,0.00,0.00,0.00,0.00
2003-03-01,0.00,0.00,0.00,0.00,0.00,0.00,0.00,0.00,0.00,0.00,30.70,0.00,5.90,0.00,0.00,0.00,0.00,0.00,0.00,0.00,0.00,0.00,0.00,0.00,0.00,0.00,0.00,0.00,0.00,0.00,0.00
2003-04-01,0.00,0.00,0.00,0.00,0.00,0.00,0.00,0.00,0.00,0.00,21.40,0.00,5.40,0.00,0.00,0.00,0.00,0.00,0.00,0.00,0.00,0.00,0.00,0.00,0.00,0.00,0.00,0.00,0.00,0.00,0.00
2003-05-01,0.00,0.00,0.00,0.00,0.00,0.00,0.00,0.00,0.00,0.00,20.20,0.00,3.70,0.00,0.00,0.00,0.00,0.00,0.00,0.00,0.00,0.00,0.00,0.00,0.00,0.00,0.00,0.00,0.00,0.00,0.00
2003-06-01,0.00,0.00,0.00,0.00,0.00,0.00,0.00,0.00,0.00,0.00,17.50,0.00,0.90,0.00,0.00,0.00,0.00,0.00,0.00,0.00,0.00,0.00,0.00,0.00,0.00,0.00,0.00,0.00,0.00,0.00,0.00
2003-07-01,0.00,0.00,0.00,0.00,0.00,0.00,0.00,0.00,0.00,0.00,16.90,0.00,1.50,0.00,0.00,0.00,0.00,0.00,0.00,0.00,0.00,0.00,0.00,0.00,0.00,0.00,0.00,0.00,0.00,0.00,0.00
2003-08-01,0.00,0.00,0.00,0.00,0.00,0.00,0.00,0.00,0.00,0.00,19.70,0.00,1.40,0.00,0.00,0.00,0.00,0.00,0.00,0.00,0.00,0.00,0.00,0.00,0.00,0.00,0.00,0.00,0.00,0.00,0.00
2003-09-01,0.00,0.00,0.00,0.00,0.00,0.00,0.00,0.00,0.00,0.00,20.60,0.00,2.00,0.00,0.00,0.00,0.00,0.00,0.00,0.00,0.00,0.00,0.00,0.00,0.00,0.00,0.00,0.00,0.00,0.00,0.00
2003-10-01,0.00,0.00,0.00,0.00,0.00,0.00,0.00,0.00,0.00,0.00,25.00,0.00,2.40,0.00,0.00,0.00,0.00,0.00,0.00,0.00,0.00,0.00,0.00,0.00,0.00,0.00,0.00,0.00,0.00,0.00,0.00
2003-11-01,0.00,0.00,0.00,0.00,0.00,0.00,0.00,0.00,0.00,0.00,32.60,0.00,6.10,0.00,0.00,0.00,0.00,0.00,0.00,0.00,0.00,0.00,0.00,0.00,0.00,0.00,0.00,0.00,0.00,0.00,0.00
2003-12-01,0.00,0.00,0.00,0.00,0.00,0.00,0.00,0.00,0.00,0.00,35.80,0.00,6.10,0.00,0.00,0.00,0.00,0.00,0.00,0.00,0.00,0.00,0.00,0.00,0.00,0.00,0.00,0.00,0.00,0.00,0.00
2004-01-01,0.00,0.00,0.00,0.00,0.00,0.00,0.00,0.00,0.00,0.00,33.90,0.00,6.00,0.00,0.00,0.00,0.00,0.00,0.00,0.00,0.00,0.00,0.00,0.00,0.00,0.00,0.00,0.00,0.00,0.00,0.00
2004-02-01,0.00,0.00,0.00,0.00,0.00,0.00,0.00,0.00,0.00,0.00,30.20,0.00,6.20,0.00,0.00,0.00,0.00,0.00,0.00,0.00,0.00,0.00,0.00,0.00,0.00,0.00,0.00,0.00,0.00,0.00,0.00
2004-03-01,0.00,0.00,0.00,0.00,0.00,0.00,0.00,0.00,0.00,0.00,31.80,0.00,6.50,0.00,0.00,0.00,0.00,0.00,0.00,0.00,0.00,0.00,0.00,0.00,0.00,0.00,0.00,0.00,0.00,0.00,0.00
2004-04-01,0.00,0.00,0.00,0.00,0.00,0.00,0.00,0.00,0.00,0.00,26.90,0.00,3.80,0.00,0.00,0.00,0.00,0.00,0.00,0.00,0.00,0.00,0.00,0.00,0.00,0.00,0.00,0.00,0.00,0.00,0.00
2004-05-01,0.00,0.00,0.00,0.00,0.00,0.00,0.00,0.00,0.00,0.00,19.00,0.00,2.90,0.00,0.00,0.00,0.00,0.00,0.00,0.00,0.00,0.00,0.00,0.00,0.00,0.00,0.00,0.00,0.00,0.00,0.00
2004-06-01,0.00,0.00,0.00,0.00,0.00,0.00,0.00,0.00,0.00,0.00,16.60,0.00,0.90,0.00,0.00,0.00,0.00,0.00,0.00,0.00,0.00,0.00,0.00,0.00,0.00,0.00,0.00,0.00,0.00,0.00,0.00
2004-07-01,0.00,0.00,0.00,0.00,0.00,0.00,0.00,0.00,0.00,0.00,14.80,0.00,1.50,0.00,0.00,0.00,0.00,0.00,0.00,0.00,0.00,0.00,0.00,0.00,0.00,0.00,0.00,0.00,0.00,0.00,0.00
2004-08-01,0.00,0.00,0.00,0.00,0.00,0.00,0.00,0.00,0.00,0.00,21.00,0.00,0.50,0.00,0.00,0.00,0.00,0.00,0.00,0.00,0.00,0.00,0.00,0.00,0.00,0.00,0.00,0.00,0.00,0.00,0.00
2004-09-01,0.00,0.00,0.00,0.00,0.00,0.00,0.00,0.00,0.00,0.00,20.90,0.00,2.90,0.00,0.00,0.00,0.00,0.00,0.00,0.00,0.00,0.00,0.00,0.00,0.00,0.00,0.00,0.00,0.00,0.00,0.00
2004-10-01,0.00,0.00,0.00,0.00,0.00,0.00,0.00,0.00,0.00,0.00,27.90,0.00,3.50,0.00,0.00,0.00,0.00,0.00,0.00,0.00,0.00,0.00,0.00,0.00,0.00,0.00,0.00,0.00,0.00,0.00,0.00
2004-11-01,0.00,0.00,0.00,0.00,0.00,0.00,0.00,0.00,0.00,0.00,31.50,0.00,6.00,0.00,0.00,0.00,0.00,0.00,0.00,0.00,0.00,0.00,0.00,0.00,0.00,0.00,0.00,0.00,0.00,0.00,0.00
2004-12-01,0.00,0.00,0.00,0.00,0.00,0.00,0.00,0.00,0.00,0.00,32.40,0.00,7.30,0.00,0.00,0.00,0.00,0.00,0.00,0.00,0.00,0.00,0.00,0.00,0.00,0.00,0.00,0.00,0.00,0.00,0.00
2005-01-01,0.00,0.00,0.00,0.00,0.00,0.00,0.00,0.00,0.00,0.00,36.60,0.00,7.90,0.00,0.00,0.00,0.00,0.00,0.00,0.00,88.66,0.00,0.00,0.00,0.00,0.00,0.00,0.00,0.00,0.00,0.00
2005-02-01,0.00,0.00,0.00,0.00,0.00,0.00,0.00,0.00,0.00,0.00,32.40,0.00,7.80,0.00,0.00,0.00,0.00,0.00,0.00,0.00,87.92,0.00,0.00,0.00,0.00,0.00,0.00,0.00,0.00,0.00,0.00
2005-03-01,0.00,0.00,0.00,0.00,0.00,0.00,0.00,0.00,0.00,0.00,26.40,0.00,3.50,0.00,0.00,0.00,0.00,0.00,0.00,0.00,117.59,0.00,0.00,0.00,0.00,0.00,0.00,0.00,0.00,0.00,0.00
2005-04-01,0.00,0.00,0.00,0.00,0.00,0.00,0.00,0.00,0.00,0.00,29.70,0.00,5.30,0.00,0.00,0.00,0.00,0.00,0.00,0.00,75.66,0.00,0.00,0.00,0.00,0.00,0.00,0.00,0.00,0.00,0.00
2005-05-01,0.00,0.00,0.00,0.00,57.26,0.00,0.00,400.62,0.00,0.00,23.20,0.00,2.90,0.00,0.00,0.00,40571.80,0.00,0.00,0.00,57.75,0.00,0.00,0.00,0.00,3706663.41,0.00,0.00,20459918.48,0.00,0.00
2005-06-01,0.00,0.00,0.00,0.00,141.67,0.00,0.00,780.91,0.00,0.00,16.40,0.00,1.30,0.00,0.00,0.00,100387.67,0.00,0.00,0.00,11.34,0.00,0.00,0.00,0.00,1467143.01,0.00,0.00,9089385.05,0.00,0.00
2005-07-01,0.00,0.00,0.00,0.00,80.98,0.00,0.00,851.74,0.00,0.00,17.40,0.00,1.10,0.00,0.00,0.00,57383.20,0.00,0.00,0.00,14.98,0.00,0.00,0.00,0.00,1151487.92,0.00,0.00,12873089.68,0.00,0.00
2005-08-01,0.00,0.00,0.00,0.00,61.66,0.00,0.00,857.98,0.00,0.00,22.00,0.00,1.30,0.00,0.00,0.00,43695.15,0.00,0.00,0.00,10.57,0.00,0.00,0.00,0.00,608141.26,0.00,0.00,9273874.97,0.00,0.00
2005-09-01,0.00,0.00,0.00,0.00,77.24,0.00,0.00,765.45,0.00,0.00,23.30,0.00,2.50,0.00,0.00,0.00,54731.05,0.00,0.00,0.00,9.82,0.00,0.00,0.00,0.00,779593.82,0.00,0.00,7583157.77,0.00,0.00
2005-10-01,0.00,0.00,0.00,0.00,83.31,0.00,0.00,727.93,0.00,0.00,22.30,0.00,4.50,0.00,0.00,0.00,59036.16,0.00,0.00,0.00,10.30,0.00,0.00,0.00,0.00,856549.21,0.00,0.00,7549914.19,0.00,0.00
2005-11-01,0.00,0.00,0.00,0.00,122.25,0.00,0.00,639.70,0.00,0.00,26.30,0.00,6.40,0.00,0.00,0.00,86623.61,0.00,0.00,0.00,9.90,0.00,0.00,0.00,0.00,1194614.04,0.00,0.00,6326940.90,0.00,0.00
2005-12-01,0.00,0.00,0.00,0.00,55.73,0.00,0.00,696.33,0.00,0.00,30.70,0.00,9.10,0.00,0.00,0.00,39488.81,0.00,0.00,0.00,8.84,0.00,0.00,0.00,0.00,514460.66,0.00,0.00,6399500.65,0.00,0.00
2006-01-01,0.00,0.00,0.00,0.00,85.97,0.00,0.00,703.73,0.00,0.00,38.80,0.00,8.20,0.00,0.00,0.00,60919.48,0.00,0.00,0.00,5.59,0.00,0.00,0.00,0.00,485318.36,0.00,0.00,3977433.79,0.00,0.00
2006-02-01,0.00,0.00,0.00,0.00,37.91,0.00,0.00,672.75,0.00,0.00,31.20,0.00,6.80,0.00,0.00,0.00,26860.73,0.00,0.00,0.00,5.25,0.00,0.00,0.00,0.00,198922.19,0.00,0.00,3545011.16,0.00,0.00
2006-03-01,0.00,0.00,0.00,0.00,9.06,0.00,0.00,683.64,0.00,0.00,34.50,0.00,6.30,0.00,0.00,0.00,6420.39,0.00,0.00,0.00,5.26,0.00,0.00,0.00,0.00,46667.74,0.00,0.00,3760253.51,0.00,0.00
2006-04-01,0.00,0.00,0.00,0.00,0.00,0.00,0.00,793.79,0.00,0.00,23.20,0.00,1.90,0.00,0.00,0.00,0.00,0.00,0.00,0.00,4.99,0.00,0.00,0.00,0.00,0.00,0.00,0.00,4003610.77,0.00,0.00
2006-05-01,0.00,0.00,0.00,0.00,0.00,0.00,0.00,964.09,0.00,0.00,18.10,0.00,0.90,0.00,0.00,0.00,0.00,0.00,0.00,0.00,6.93,0.00,0.00,0.00,0.00,0.00,0.00,0.00,7124068.77,0.00,0.00
2006-06-01,0.00,0.00,0.00,0.00,0.00,0.00,0.03,870.56,0.00,0.00,15.00,0.00,0.80,0.00,0.00,0.00,0.00,0.00,17.24,0.00,6.48,0.00,0.00,0.00,0.00,0.00,0.00,190.48,6084444.90,0.00,0.00
2006-07-01,0.00,0.00,0.00,0.00,18.86,0.00,1.16,938.93,0.00,0.00,16.50,0.00,1.20,0.00,0.00,0.00,13364.72,0.00,772.96,0.00,8.11,0.00,0.00,0.00,0.00,123481.21,0.00,42525.85,8343275.37,0.00,0.00
2006-08-01,0.00,0.00,0.00,0.00,85.18,0.00,0.79,786.97,0.00,0.00,23.00,0.00,0.90,0.00,0.00,0.00,60361.71,0.00,525.17,0.00,5.63,0.00,0.00,0.00,0.00,483203.77,0.00,4225.31,4612217.44,0.00,0.00
2006-09-01,0.00,0.00,0.00,0.00,67.09,0.00,4.66,592.49,0.00,0.00,24.60,0.00,2.70,0.00,0.00,0.00,47539.30,0.00,3095.29,0.00,6.65,0.00,0.00,0.00,0.00,470552.31,0.00,62169.43,4063049.35,0.00,0.00
2006-10-01,0.00,0.00,0.00,0.00,101.72,0.00,1.86,554.08,0.00,0.00,33.10,0.00,2.10,0.00,0.00,0.00,72080.73,0.00,1237.60,0.00,6.27,0.00,0.00,0.00,0.00,648122.17,0.00,13437.48,3533052.95,0.00,0.00
2006-11-01,0.00,0.00,0.00,0.00,54.19,0.00,4.91,527.62,0.00,0.00,24.70,0.00,3.80,0.00,0.00,0.00,38400.91,0.00,3260.52,0.00,6.60,0.00,0.00,0.00,0.00,355655.37,0.00,49238.59,3672122.48,0.00,0.00
2006-12-01,0.00,0.00,0.00,0.00,83.25,0.00,2.96,530.32,0.00,0.00,33.00,0.00,6.40,0.00,0.00,0.00,58991.02,0.00,1967.89,0.00,5.48,0.00,0.00,0.00,0.00,453661.84,0.00,25660.80,2943775.18,0.00,0.00
2007-01-01,0.00,0.00,0.00,0.00,84.67,0.00,12.88,545.44,0.00,0.00,33.00,0.00,7.50,0.00,0.00,0.00,59993.98,0.00,8558.13,0.00,7.69,0.00,0.00,0.00,0.00,661904.08,0.00,68116.54,4095033.15,0.00,0.00
2007-02-01,0.00,0.00,0.00,0.00,47.11,0.00,9.20,574.45,0.00,0.00,35.20,0.00,7.30,0.00,0.00,0.00,33383.93,0.00,6111.93,0.00,9.54,0.00,0.00,0.00,0.00,443711.07,0.00,159311.87,6134778.10,0.00,0.00
2007-03-01,0.00,0.00,0.00,0.00,52.36,0.00,0.00,555.15,0.00,0.00,30.70,0.00,5.80,0.00,0.00,0.00,37099.15,0.00,0.00,0.00,8.72,0.00,0.00,0.00,0.00,444041.71,0.00,0.00,4773092.01,0.00,0.00
2007-04-01,0.00,0.00,0.00,0.00,47.06,0.00,0.39,632.35,0.00,0.00,26.00,0.00,5.70,0.00,0.00,0.00,33345.35,0.00,262.08,0.00,11.27,0.00,0.00,0.00,0.00,553070.82,0.00,5868.93,7590880.19,0.00,0.00
2007-05-01,0.00,0.00,0.00,0.00,124.05,0.00,0.27,686.41,0.00,0.00,20.90,0.00,5.10,0.00,0.00,0.00,87903.05,0.00,176.47,0.00,9.50,0.00,0.00,0.00,0.00,1168227.02,0.00,4057.41,6818465.43,0.00,0.00
2007-06-01,0.00,0.00,0.00,0.00,161.18,0.00,0.00,942.29,0.00,0.00,15.10,0.00,-0.40,0.00,0.00,0.00,114214.46,0.00,0.00,0.00,13.56,0.00,0.00,0.00,0.00,2202185.77,0.00,0.00,13247064.63,0.00,0.00
2007-07-01,0.00,0.00,0.00,0.00,138.22,0.00,0.00,658.33,0.00,0.00,17.50,0.00,1.20,0.00,0.00,0.00,97945.56,0.00,0.00,0.00,13.28,0.00,0.00,0.00,0.00,1947259.90,0.00,0.00,9555410.82,0.00,0.00
2007-08-01,0.00,0.00,0.00,0.00,96.60,0.00,0.80,707.60,0.00,0.00,21.70,0.00,0.80,0.00,0.00,0.00,68448.08,0.00,530.76,0.00,7.33,0.00,0.00,0.00,0.00,688221.84,0.00,5202.03,5278184.11,0.00,0.00
2007-09-01,0.00,0.00,0.00,0.00,40.63,0.00,0.66,630.44,0.00,0.00,20.90,0.00,2.80,0.00,0.00,0.00,28789.16,0.00,436.94,0.00,8.83,0.00,0.00,0.00,0.00,373209.32,0.00,6449.45,5859481.99,0.00,0.00
2007-10-01,0.00,0.00,0.00,0.00,78.33,0.00,0.01,830.11,0.00,0.00,24.20,0.00,4.50,0.00,0.00,0.00,55502.73,0.00,8.48,0.00,7.49,0.00,0.00,0.00,0.00,456393.64,0.00,138.50,6427779.93,0.00,0.00
2007-11-01,0.00,0.00,0.00,0.00,100.02,0.00,0.97,543.26,0.00,0.00,30.10,0.00,5.80,0.00,0.00,0.00,70873.96,0.00,645.98,0.00,8.52,0.00,0.00,0.00,0.00,854087.78,0.00,18351.02,4938108.87,0.00,0.00
2007-12-01,0.00,0.00,0.00,0.00,79.48,0.00,1.48,530.05,0.00,0.00,33.40,0.00,8.50,0.00,0.00,0.00,56321.37,0.00,982.16,0.00,7.88,0.00,0.00,0.00,0.00,612342.00,0.00,18611.37,4433299.08,0.00,0.00
2008-01-01,0.00,0.00,0.00,0.00,81.39,0.00,5.05,526.02,0.00,0.00,35.50,0.00,7.80,0.00,0.00,0.00,57669.69,0.00,3356.62,0.00,8.37,0.00,0.00,0.00,0.00,682967.58,0.00,58977.13,4489614.20,0.00,0.00
2008-02-01,0.00,0.00,0.00,0.00,119.22,0.00,14.08,358.69,0.00,0.00,34.10,0.00,6.90,0.00,0.00,0.00,84477.72,0.00,9355.88,0.00,8.92,0.00,0.00,0.00,0.00,1063495.02,0.00,167816.14,3320766.03,0.00,0.00
2008-03-01,0.00,0.00,0.00,0.00,148.01,0.00,5.85,393.99,0.00,0.00,37.30,0.00,4.80,0.00,0.00,0.00,104880.31,0.00,3888.67,0.00,8.87,0.00,0.00,0.00,0.00,1327809.97,0.00,78589.18,3771501.98,0.00,0.00
2008-04-01,0.00,0.00,0.00,0.00,106.24,0.00,0.16,463.06,0.00,0.00,24.40,0.00,4.80,0.00,0.00,0.00,75285.01,0.00,108.13,0.00,8.91,0.00,0.00,0.00,0.00,931214.22,0.00,1788.71,4301078.34,0.00,0.00
2008-05-01,0.00,0.00,0.00,0.00,89.53,0.00,1.06,578.38,0.00,0.00,19.90,0.00,0.70,0.00,0.00,0.00,63440.13,0.00,703.30,0.00,10.06,0.00,0.00,0.00,0.00,888907.03,0.00,13439.29,6162390.80,0.00,0.00
2008-06-01,0.00,0.00,0.00,0.00,134.06,0.00,1.33,602.67,0.00,0.00,18.10,0.00,1.60,0.00,0.00,0.00,94997.27,0.00,881.71,0.00,8.24,0.00,0.00,0.00,0.00,1115522.57,0.00,14803.61,5087342.74,0.00,0.00
2008-07-01,0.00,0.00,0.00,0.00,84.77,0.00,0.06,822.44,0.00,0.00,15.80,0.00,0.30,0.00,0.00,0.00,60069.22,0.00,40.14,0.00,6.47,0.00,0.00,0.00,0.00,569460.61,0.00,682.14,5383840.16,0.00,0.00
2008-08-01,0.00,0.00,0.00,0.00,54.66,0.00,0.00,709.65,0.00,0.00,19.50,0.00,1.20,0.00,0.00,0.00,38728.96,0.00,0.00,0.00,8.71,0.00,0.00,0.00,0.00,481048.90,0.00,0.00,6338354.89,0.00,0.00
2008-09-01,0.00,0.00,0.00,0.00,23.36,0.00,0.00,672.70,0.00,0.00,22.60,0.00,2.20,0.00,0.00,0.00,16555.78,0.00,0.00,0.00,7.10,0.00,0.00,0.00,0.00,164499.05,0.00,0.00,4853019.76,0.00,0.00
2008-10-01,0.00,0.00,0.00,0.00,77.19,0.00,0.00,604.40,0.00,0.00,30.60,0.00,2.10,0.00,0.00,0.00,54695.09,0.00,0.00,0.00,9.30,0.00,0.00,0.00,0.00,709790.10,0.00,0.00,5815845.29,0.00,0.00
2008-11-01,0.00,0.00,0.00,0.00,65.81,0.00,0.00,451.13,0.00,0.00,30.50,0.00,4.30,0.00,0.00,0.00,46634.65,0.00,0.00,0.00,7.90,0.00,0.00,0.00,0.00,568616.34,0.00,0.00,3549793.42,0.00,0.00
2008-12-01,0.00,0.00,0.00,0.00,85.83,0.00,0.00,478.28,0.00,0.00,29.90,0.00,5.00,0.00,0.00,0.00,60819.10,0.00,0.00,0.00,6.29,0.00,0.00,0.00,0.00,532435.46,0.00,0.00,3125866.30,0.00,0.00
2009-01-01,0.00,0.00,0.00,0.00,87.50,0.00,0.05,474.22,0.00,0.00,33.50,0.00,7.10,0.00,0.00,0.00,62000.86,0.00,34.03,110.43,13.02,0.00,0.00,0.00,0.00,1150064.37,0.00,29050.33,9689500.18,0.00,0.00
2009-02-01,0.00,0.00,0.00,0.00,77.61,0.00,0.90,411.24,0.00,0.00,30.10,0.00,7.50,0.00,0.00,0.00,54991.77,0.00,598.79,113.51,6.56,0.00,0.00,0.00,0.00,504224.51,0.00,14670.54,2140316.55,0.00,0.00
2009-03-01,0.00,0.00,0.00,0.00,71.80,0.00,0.62,419.31,0.00,0.00,26.50,0.00,8.20,0.00,0.00,0.00,50875.71,0.00,411.45,104.30,6.05,0.00,0.00,0.00,0.00,429588.23,0.00,4983.82,2629233.96,0.00,0.00
2009-04-01,0.00,0.00,0.00,0.00,0.81,0.00,9.64,530.55,0.00,0.00,24.70,0.00,1.30,0.00,0.00,0.00,574.54,0.00,6406.12,12.90,11.86,0.00,0.00,0.00,0.00,9484.06,0.00,128547.75,6128159.88,0.00,0.00
2009-05-01,0.00,0.00,0.00,0.00,0.00,0.00,28.26,633.96,0.00,0.00,19.30,0.00,3.10,0.00,0.00,0.00,0.00,0.00,18786.79,28.37,7.90,0.00,0.00,0.00,0.00,0.00,0.00,304599.06,5007346.65,0.00,0.00
2009-06-01,0.00,-0.21,0.15,0.00,0.00,0.16,53.06,652.77,0.00,0.00,16.70,0.00,2.10,0.89,179.27,0.00,0.00,98.92,35268.28,50.35,29.50,0.00,0.00,0.00,0.00,0.00,491.57,2187453.47,19234523.94,0.00,0.00
2009-07-01,0.00,-62.64,26.64,0.00,0.00,10.51,26.01,980.98,50.16,0.00,17.20,0.00,0.50,1666.31,32382.16,0.00,0.00,6427.83,17285.79,52.76,25.99,0.00,0.00,0.00,0.00,0.00,290915.25,879943.85,26679754.96,1208856.94,0.00
2009-08-01,0.00,-168.80,1.71,0.00,0.00,21.95,3.24,1087.65,58.00,0.00,20.40,0.00,2.80,2929.96,2068.00,0.00,0.00,13427.33,2152.14,14.66,21.27,0.00,0.00,0.00,0.00,0.00,543312.38,99809.11,23834300.92,1136897.35,0.00
2009-09-01,0.00,-200.53,0.20,0.00,0.00,66.53,0.75,1032.35,45.37,0.00,21.20,0.00,3.10,9506.44,235.21,0.00,0.00,40698.29,495.26,33.79,21.53,0.00,0.00,0.00,0.00,0.00,1376213.83,30415.63,22991454.70,947706.72,0.00
2009-10-01,0.00,-23.74,164.85,0.00,0.00,123.52,1.30,614.17,31.22,0.00,24.90,0.00,3.10,1929.70,199074.82,0.00,0.00,75559.70,862.65,300.19,25.57,0.00,0.00,0.00,0.00,0.00,3492789.50,56310.21,16061726.17,776749.94,0.00
2009-11-01,0.00,-20.50,181.22,0.00,0.00,141.00,4.28,458.34,30.65,0.00,32.60,0.00,5.80,2103.75,217995.65,0.00,0.00,86251.73,2844.96,383.64,33.53,0.00,0.00,0.00,0.00,0.00,4796951.84,207191.59,16621761.12,961445.43,0.00
2009-12-01,0.00,-19.72,258.67,0.00,0.00,103.75,17.69,474.13,43.11,0.00,38.30,0.00,8.00,1712.06,319987.18,0.00,0.00,63461.47,11756.97,448.36,32.08,0.00,0.00,0.00,0.00,0.00,3086745.34,809260.49,15421012.20,1307025.65,0.00
2010-01-01,0.00,-23.54,273.93,0.00,0.00,74.67,13.41,501.56,41.85,0.00,36.50,0.00,8.30,1023.29,336089.76,0.00,0.00,45678.51,8916.03,441.85,29.53,0.00,0.00,0.00,0.00,0.00,2075807.03,472040.17,15880433.22,1219425.74,0.00
2010-02-01,0.00,-26.89,225.41,0.00,0.00,117.41,0.15,439.59,32.28,0.00,31.70,0.00,8.20,1868.89,274197.92,0.00,0.00,71819.24,98.89,436.89,23.49,0.00,0.00,0.00,0.00,0.00,3400993.38,8874.48,7152562.08,882860.34,0.00
2010-03-01,0.00,-5.60,264.99,0.00,0.00,115.56,0.75,457.07,31.69,0.00,29.80,0.00,6.50,395.58,325889.42,0.00,0.00,70688.78,498.27,458.88,26.44,0.00,0.00,0.00,0.00,0.00,3076316.24,22946.05,12241837.85,794986.99,0.00
2010-04-01,0.00,-15.20,105.82,0.00,0.00,94.01,0.09,635.01,43.88,0.00,23.00,0.00,3.60,1307.38,129411.05,0.00,0.00,57504.74,59.00,214.99,24.61,0.00,0.00,0.00,0.00,0.00,2381605.49,2466.49,15819688.99,1076158.30,0.00
2010-05-01,0.00,-38.94,143.62,0.00,0.00,47.66,24.40,768.24,35.23,0.00,22.80,0.00,1.10,2145.58,174695.66,0.00,0.00,29154.38,16221.30,222.33,59.68,0.00,0.00,0.00,0.00,0.00,1145287.63,2580127.87,42585412.45,1155401.02,0.00
2010-06-01,0.00,-67.67,83.62,0.00,0.00,115.39,6.10,812.64,35.90,0.00,17.50,0.00,1.20,4923.52,102283.37,0.00,0.00,70584.60,4055.03,174.45,31.99,0.00,0.00,0.00,0.00,0.00,3571966.62,229102.06,26243243.10,987262.97,0.00
2010-07-01,0.00,-111.99,82.94,0.00,0.00,140.67,2.65,903.55,30.42,0.00,16.40,0.00,1.20,8690.31,102673.51,0.00,0.00,86050.78,1762.49,173.43,30.66,0.00,0.00,0.00,0.00,0.00,4223283.93,356361.23,25856047.32,763947.11,0.00
2010-08-01,0.00,-164.47,39.29,0.00,0.00,141.28,4.00,990.52,35.81,0.00,18.40,0.00,1.50,12751.70,49003.44,0.00,0.00,86422.48,2660.66,119.77,68.46,0.00,0.00,0.00,0.00,0.00,9991143.49,5548172.15,45904118.34,1844204.42,0.00
2010-09-01,0.00,-224.78,1.78,0.00,0.00,117.42,0.96,1042.99,48.76,0.00,18.90,0.00,1.70,15215.02,2160.23,0.00,0.00,71827.01,640.63,60.19,21.12,0.00,0.00,0.00,0.00,0.00,2545119.59,95457.00,21618241.97,950277.65,0.00
2010-10-01,0.00,-142.30,56.30,0.00,0.00,114.04,0.19,865.09,42.76,0.00,26.80,0.00,2.70,9765.61,69854.56,0.00,0.00,69756.47,125.04,138.85,18.27,0.00,0.00,0.00,0.00,0.00,2137400.11,2642.76,16005409.63,764902.45,0.00
2010-11-01,0.00,-120.16,59.71,0.00,0.00,110.32,0.76,774.31,34.80,0.00,33.90,0.00,3.70,8750.19,71747.45,0.00,0.00,67482.88,506.30,152.36,28.61,0.00,0.00,0.00,0.00,0.00,3400650.11,875175.21,18101836.94,652805.22,0.00
2010-12-01,0.00,-89.35,75.50,0.00,0.00,119.12,0.54,700.70,48.42,0.00,26.20,0.00,6.40,7367.72,88083.64,0.00,0.00,72867.67,359.14,180.06,16.79,0.00,0.00,0.00,0.00,0.00,2012342.18,9689.59,12049146.64,803223.60,0.00
2011-01-01,0.00,-127.15,103.65,0.00,0.00,134.53,1.07,696.52,39.28,0.00,33.60,0.00,9.00,10964.64,129298.08,0.00,0.00,82292.24,710.81,237.45,26.24,0.00,0.00,0.00,0.00,0.00,3561903.19,51799.71,18974232.28,996291.64,0.00
2011-02-01,0.00,-91.81,124.97,0.00,0.00,108.97,1.23,604.75,35.41,0.00,27.60,0.00,6.40,6778.00,153464.41,0.00,0.00,66659.08,815.22,273.33,29.03,0.00,0.00,0.00,0.00,0.00,3206584.66,61856.08,18297970.60,1001411.40,0.00
2011-03-01,0.00,-56.01,152.25,0.00,0.00,131.55,0.72,596.77,42.63,0.00,29.60,0.00,5.90,5272.60,190225.06,0.00,0.00,80467.50,479.64,306.37,26.01,0.00,0.00,0.00,0.00,0.00,3458129.52,19472.84,15779213.49,1094690.42,0.00
2011-04-01,0.00,-50.92,150.72,0.00,0.00,130.12,0.32,624.34,31.30,0.00,25.60,0.00,5.00,4487.71,189254.35,0.00,0.00,79596.24,213.08,298.66,26.88,0.00,0.00,0.00,0.00,0.00,3528507.53,8761.09,16885345.95,814350.71,0.00
2011-05-01,0.00,-47.50,172.76,0.00,0.00,86.33,22.34,726.08,30.87,0.00,22.00,0.00,2.50,2794.67,210959.20,0.00,0.00,52807.93,14850.22,278.36,39.24,0.00,0.00,0.00,0.00,0.00,3333655.01,1183555.79,28220114.79,1131693.90,0.00
2011-06-01,0.00,-90.18,79.75,0.00,0.00,130.28,2.80,840.74,46.48,0.00,17.40,0.00,0.80,6991.26,97856.92,0.00,0.00,79691.57,1859.85,170.73,29.69,0.00,0.00,0.00,0.00,0.00,3918095.40,112382.38,24928382.10,1338881.86,0.00
2011-07-01,0.00,-137.46,22.47,0.00,0.00,133.21,13.55,998.86,46.88,0.00,17.70,0.00,0.60,11130.00,27227.85,0.00,0.00,81483.14,9007.35,98.92,34.17,0.00,0.00,0.00,0.00,0.00,4854588.06,1271116.74,32793858.43,1477724.54,0.00
2011-08-01,0.00,-91.54,42.08,0.00,0.00,132.91,1.99,881.06,30.73,0.00,21.70,0.00,1.70,7978.25,52750.43,0.00,0.00,81298.64,1324.32,127.75,28.46,0.00,0.00,0.00,0.00,0.00,3968855.16,91647.93,26181230.62,798360.84,0.00
2011-09-01,0.00,-114.50,55.95,0.00,0.00,129.29,0.46,811.95,46.94,0.00,23.90,0.00,3.20,9668.18,69853.48,0.00,0.00,79084.74,304.35,150.07,26.87,0.00,0.00,0.00,0.00,0.00,3538391.51,13368.98,22311307.08,1262489.20,0.00
2011-10-01,0.00,-21.15,141.47,0.00,0.00,138.37,3.99,608.41,39.89,0.00,29.40,0.00,2.80,2080.12,176221.05,0.00,0.00,84642.45,2650.88,286.98,33.09,0.00,0.00,0.00,0.00,0.00,4262028.75,457700.17,19688992.54,1276991.44,0.00
2011-11-01,0.00,-47.78,131.39,0.00,0.00,138.41,4.74,574.07,39.95,0.00,30.70,0.00,5.80,4759.05,162259.35,0.00,0.00,84667.03,3153.86,291.78,30.99,0.00,0.00,0.00,0.00,0.00,3854910.37,458240.00,17440798.90,1119861.16,0.00
2011-12-01,0.00,-22.00,128.72,0.00,0.00,146.88,2.26,517.69,38.33,0.00,26.90,0.00,5.80,3083.92,161791.98,0.00,0.00,89849.06,1503.87,308.00,25.68,0.00,0.00,-32181.36,0.00,0.00,3747474.96,92948.76,13087058.20,873737.14,0.00
2012-01-01,0.00,-42.69,135.34,0.00,0.00,145.31,2.74,475.79,49.79,0.00,36.00,0.00,6.30,49827.12,167282.01,0.00,0.00,88885.92,1822.81,271.65,39.09,0.00,77223.40,-255384.67,0.00,0.00,5711635.18,180172.50,18344405.36,1827274.17,0.00
2012-02-01,0.00,-46.86,90.89,0.00,0.00,131.67,1.26,525.20,28.16,0.00,38.80,0.00,8.60,40575.65,114487.91,0.00,0.00,80540.39,835.58,212.63,36.79,0.00,65090.14,-285874.30,0.00,0.00,5041512.77,74416.99,17831180.07,985695.00,0.00
2012-03-01,0.00,-70.98,149.96,0.00,0.00,119.36,1.73,584.88,43.42,0.00,27.60,0.00,5.50,5283.92,182304.92,0.00,0.00,73009.50,1153.04,303.23,35.46,0.00,0.00,0.00,0.00,0.00,4508588.56,82767.81,18636065.40,1523606.94,0.00
2012-04-01,0.00,-147.77,56.12,0.00,0.00,128.50,1.39,750.28,19.47,0.00,28.90,0.00,4.00,13158.81,70517.59,0.00,0.00,78602.04,925.04,169.41,36.04,0.00,0.00,0.00,0.00,0.00,4763958.12,71325.73,27721426.86,573159.80,0.00
2012-05-01,0.00,-60.47,86.15,0.00,0.00,41.57,0.31,790.25,40.62,0.00,20.40,0.00,5.20,2897.48,108168.96,0.00,0.00,25425.93,206.55,145.70,32.54,0.00,0.00,0.00,0.00,0.00,1173444.07,21117.69,24802343.83,1342449.99,0.00
2012-06-01,0.00,-189.58,33.32,0.00,0.00,134.89,0.72,904.38,40.21,0.00,17.20,0.00,0.90,15011.48,40741.91,0.00,0.00,82513.46,481.05,117.67,35.09,0.00,0.00,0.00,0.00,0.00,4774571.24,28535.15,32371143.63,1370570.99,0.00
2012-07-01,0.00,-265.73,6.68,0.00,0.00,152.32,1.54,1084.62,30.23,0.00,17.00,0.00,1.10,21806.85,7986.78,0.00,0.00,93175.30,1024.65,79.61,60.13,0.00,0.00,0.00,0.00,0.00,9072987.23,305074.02,65647500.88,1796441.11,0.00
2012-08-01,0.00,-276.44,1.16,0.00,0.00,149.95,1.43,1072.84,46.55,0.00,20.30,0.00,1.90,22360.67,1389.26,0.00,0.00,91727.45,953.41,72.03,47.65,0.00,0.00,0.00,0.00,0.00,7139018.28,106562.21,50791735.83,2091879.56,0.00
2012-09-01,0.00,-300.92,0.00,0.00,0.00,136.88,0.71,1039.08,47.47,0.00,25.00,0.00,2.80,23531.33,0.00,0.00,0.00,83729.69,469.29,65.71,39.75,0.00,0.00,0.00,0.00,0.00,5461872.60,29775.84,41290951.65,1821318.12,0.00
2012-10-01,0.00,-234.25,8.40,0.00,0.00,143.94,0.71,947.04,36.24,0.00,28.60,0.00,3.60,19784.65,9921.77,0.00,0.00,88046.87,468.74,87.19,43.74,0.00,0.00,0.00,0.00,0.00,6333869.31,40821.77,41327159.21,1513811.33,0.00
2012-11-01,0.00,-89.92,80.25,0.00,0.00,144.47,2.13,674.01,37.55,0.00,33.70,0.00,4.10,8154.68,96065.95,0.00,0.00,88374.56,1413.19,209.43,50.66,0.00,0.00,0.00,0.00,0.00,7268356.19,129420.20,34376036.52,1867437.46,0.00
2012-12-01,0.00,-88.38,86.33,0.00,0.00,151.79,0.73,638.16,47.74,0.00,32.90,0.00,7.00,8529.20,102415.08,0.00,0.00,92848.72,487.80,223.85,46.91,0.00,0.00,0.00,0.00,0.00,7113277.98,36980.19,29655175.50,2234876.39,0.00
2013-01-01,0.00,-153.17,2.46,0.00,0.00,150.02,7.39,813.98,35.72,0.00,41.80,0.00,8.90,15618.75,3042.84,0.00,0.00,91765.60,4913.37,98.20,56.67,0.00,0.00,0.00,0.00,0.00,8000305.06,365189.96,43277515.57,1813598.00,0.00
2013-02-01,0.00,-165.66,6.67,0.00,0.00,135.13,2.74,759.65,40.07,0.00,35.70,0.00,6.80,15861.98,7902.14,0.00,0.00,82657.12,1819.47,98.28,45.91,0.00,0.00,0.00,0.00,0.00,6197623.65,117841.44,35124127.97,1841175.06,0.00
2013-03-01,0.00,-126.52,39.87,0.00,0.00,151.19,5.04,730.12,46.83,0.00,36.60,0.00,8.40,12950.41,47769.58,0.00,0.00,92481.02,3349.78,154.34,50.27,0.00,0.00,0.00,0.00,0.00,7549678.05,345992.45,36043781.86,2317774.45,0.00
2013-04-01,0.00,-204.69,6.35,0.00,0.00,121.51,6.55,907.27,37.51,0.00,25.00,0.00,5.70,16709.01,7515.51,0.00,0.00,74327.92,4354.72,79.46,45.17,0.00,0.00,0.00,0.00,0.00,5334593.80,381654.68,40627495.66,1670448.84,0.00
2013-05-01,0.00,-189.71,1.56,0.00,0.00,75.24,3.17,1040.90,36.56,0.00,22.40,0.00,1.60,6049.04,1791.95,0.00,0.00,46026.77,2107.51,45.34,45.19,0.00,0.00,0.00,0.00,0.00,3264467.13,227192.82,46834162.60,1541739.24,0.00
2013-06-01,0.00,-190.01,13.30,0.00,0.00,142.68,0.67,959.21,45.59,0.00,18.80,0.00,0.20,15376.54,15888.80,0.00,0.00,87274.92,447.08,90.83,50.63,0.00,0.00,0.00,0.00,0.00,7121771.78,53748.46,48082749.04,2263983.45,0.00
2013-07-01,0.00,-241.43,2.17,0.00,0.00,35.91,2.84,1121.88,74.65,0.00,18.30,0.00,1.20,5297.21,2506.80,0.00,0.00,21967.24,1887.21,21.15,51.49,0.00,0.00,0.00,0.00,0.00,1546595.45,201651.73,56253623.07,3581841.35,0.00
2013-08-01,0.00,-274.96,0.65,0.00,0.00,0.00,1.78,1174.57,111.41,0.00,19.70,0.00,-0.40,273.42,708.76,0.00,0.00,0.00,1183.42,1.60,46.51,0.00,0.00,0.00,0.00,0.00,0.00,96078.31,54756834.42,5166614.42,0.00
2013-09-01,0.00,-296.33,0.02,0.00,0.00,0.00,0.41,1118.33,101.81,0.00,23.40,0.00,0.60,46.00,22.37,0.00,0.00,0.00,273.70,0.27,42.67,0.00,0.00,0.00,0.00,0.00,0.00,18642.57,48520058.65,4219637.38,0.00
2013-10-01,0.00,-308.68,0.02,0.00,0.00,0.00,0.21,1115.96,126.32,0.00,26.70,0.00,3.30,21.30,17.38,0.00,0.00,0.00,140.04,0.15,38.90,0.00,0.00,0.00,0.00,0.00,0.00,8247.52,43259133.42,4901858.04,0.00
2013-11-01,0.00,-212.22,1.35,0.00,0.00,0.00,0.32,994.51,73.29,0.00,29.50,0.00,5.60,39.27,1595.75,0.00,0.00,0.00,211.19,2.06,47.18,0.00,0.00,0.00,0.00,0.00,0.00,13782.53,46154187.28,3563114.50,0.00
2013-12-01,0.00,-264.98,0.18,0.00,0.00,106.37,0.10,905.73,102.41,0.00,35.50,0.00,7.70,19592.90,186.16,0.00,0.00,65066.73,63.14,53.80,37.73,0.00,0.00,0.00,0.00,0.00,3709607.83,4135.36,34323924.58,3746105.58,0.00
2014-01-01,0.00,-236.37,0.98,0.00,0.00,151.90,0.71,844.08,83.23,0.00,38.90,0.00,8.60,22185.84,1173.71,0.00,0.00,92917.95,474.72,85.70,34.24,0.00,0.00,0.00,0.00,0.00,5378322.45,27463.87,28098651.03,2778271.37,0.00
2014-02-01,0.00,-204.73,0.00,0.00,0.00,137.61,0.43,758.81,67.66,0.00,35.40,0.00,8.60,19799.89,0.00,0.00,0.00,84176.83,286.59,85.11,44.06,0.00,0.00,0.00,0.00,0.00,6085301.08,18267.88,33989536.82,2910053.93,0.00
2014-03-01,0.00,-163.49,10.19,0.00,0.00,146.83,0.13,788.17,65.23,0.00,32.00,0.00,8.60,15346.75,12471.63,0.00,0.00,89815.59,86.07,102.74,44.77,0.00,0.00,0.00,0.00,0.00,6323221.16,9137.09,35428449.74,2850914.90,0.00
2014-04-01,0.00,-278.40,0.00,0.00,0.00,146.59,0.08,926.53,65.50,0.00,31.00,0.00,4.80,24235.08,0.00,0.00,0.00,89667.09,51.79,76.12,37.68,0.00,0.00,0.00,0.00,0.00,5525243.71,2740.27,34877819.27,2384806.48,0.00
2014-05-01,0.00,-354.59,0.00,0.00,0.00,147.17,0.23,1083.26,79.74,0.00,23.90,0.00,2.40,27548.27,0.00,0.00,0.00,90024.04,160.56,65.53,36.89,0.00,0.00,0.00,0.00,0.00,5385148.61,8859.95,39609201.97,2872065.40,0.00
2014-06-01,0.00,-280.94,4.61,0.00,0.00,10.19,0.42,1152.08,75.42,0.00,17.40,0.00,1.20,1732.42,5409.95,0.00,0.00,6230.70,306.40,10.62,42.91,0.00,0.00,0.00,0.00,0.00,442641.14,21442.46,49788494.02,3070649.76,0.00
2014-07-01,0.00,-199.98,34.33,0.00,0.00,0.00,1.82,1092.56,82.95,0.00,17.50,0.00,1.90,291.07,39887.17,0.00,0.00,0.00,1315.24,40.44,34.47,0.00,0.00,0.00,0.00,0.00,0.00,123289.65,38614856.73,2550036.21,0.00
2014-08-01,0.00,-131.71,77.29,0.00,0.00,0.00,2.86,956.37,67.08,0.00,19.90,0.00,2.50,352.64,93256.45,0.00,0.00,0.00,1932.87,97.58,37.14,0.00,0.00,0.00,0.00,0.00,0.00,138327.25,34877832.63,2237568.50,0.00
2014-09-01,0.00,-50.28,169.99,0.00,0.00,0.00,8.22,664.21,84.69,0.00,28.20,0.00,3.20,736.43,196527.01,0.00,0.00,0.00,5463.21,229.52,38.17,0.00,0.00,0.00,0.00,0.00,0.00,413170.44,26139427.63,3050041.37,0.00
2014-10-01,0.00,-18.13,190.73,0.00,0.00,0.00,0.50,601.31,101.97,0.00,25.60,0.00,3.30,20.70,221764.95,0.00,0.00,0.00,331.60,253.40,35.19,0.00,0.00,0.00,0.00,0.00,0.00,19622.77,21211704.84,3350721.23,0.00
2014-11-01,0.00,-7.11,260.32,0.00,0.00,0.00,1.15,481.07,94.07,0.00,31.00,0.00,3.70,81.92,306362.04,0.00,0.00,0.00,763.70,370.16,39.87,0.00,0.00,0.00,0.00,0.00,0.00,31846.64,18811355.51,3555292.99,0.00
2014-12-01,0.00,-0.12,307.37,0.00,0.00,0.00,-0.72,435.68,80.01,0.00,29.20,0.00,8.20,0.00,359919.21,0.00,0.00,0.00,296.84,438.10,45.49,0.00,0.00,0.00,0.00,0.00,0.00,19803.53,20047844.44,3309044.55,0.00
2015-01-01,0.00,-15.72,232.55,0.00,0.00,0.00,-1.30,527.24,89.48,0.00,34.20,0.00,8.90,90.41,275453.96,0.00,0.00,0.00,483.22,331.45,35.34,0.00,0.00,0.00,0.00,0.00,0.00,27121.63,18847865.55,2840755.99,0.00
2015-02-01,0.00,-8.04,242.26,0.00,0.00,0.00,0.32,448.78,71.48,0.00,34.70,0.00,7.00,17.01,281281.18,0.00,0.00,0.00,299.70,373.03,42.77,0.00,0.00,0.00,0.00,0.00,0.00,17581.54,18740401.20,2848993.52,0.00
2015-03-01,0.00,-3.48,303.64,0.00,0.00,0.00,-0.10,449.98,91.64,1.90,25.70,0.00,6.50,0.00,350282.35,0.00,0.00,0.00,36.44,415.27,39.87,0.00,0.00,0.00,0.00,0.00,0.00,2233.37,18009186.56,3594804.24,70871.79
2015-04-01,0.00,-17.85,233.84,0.00,0.00,0.00,0.33,588.57,52.55,4.96,25.20,0.00,3.40,36.98,269466.09,0.00,0.00,0.00,315.41,312.78,40.86,0.00,0.00,0.00,0.00,0.00,0.00,28486.52,24982612.38,2219179.46,185537.56
2015-05-01,0.00,-105.83,51.09,0.00,0.00,0.00,-0.19,927.37,97.00,3.60,19.40,0.00,2.30,25.86,58819.36,0.00,0.00,0.00,162.76,60.59,29.18,0.00,0.00,0.00,0.00,0.00,0.00,10729.04,29250555.51,2166853.51,100166.87
2015-06-01,0.00,-165.43,44.37,0.00,0.00,0.00,0.02,1040.52,80.27,3.09,19.80,0.00,0.30,35.72,52459.10,0.00,0.00,0.00,144.45,52.42,33.10,0.00,0.00,0.00,0.00,0.00,0.00,7339.63,35521285.94,2407072.71,104426.33
2015-07-01,0.00,-124.04,83.33,0.00,0.00,0.00,1.91,964.87,97.80,3.16,15.30,0.00,0.30,329.17,96126.09,0.00,0.00,0.00,1631.70,94.86,35.64,0.00,0.00,0.00,0.00,0.00,0.00,130961.06,35729118.77,3098757.06,108522.11
2015-08-01,0.00,-181.72,24.04,0.00,0.00,0.00,1.89,1111.85,86.16,4.65,18.00,0.00,1.00,350.01,28257.58,0.00,0.00,0.00,1691.95,28.27,32.77,0.00,0.00,0.00,0.00,0.00,0.00,135158.19,37631820.92,2548429.36,151570.27
2015-09-01,0.00,-89.92,124.69,0.00,0.00,0.00,1.39,837.97,55.07,5.89,26.90,0.00,2.30,216.56,144214.77,0.00,0.00,0.00,1091.53,155.16,46.77,0.00,0.00,0.00,0.00,0.00,0.00,90576.86,38608348.67,2436540.86,255275.80
2015-10-01,0.00,-1.08,321.58,0.00,0.00,0.00,0.41,482.90,73.84,11.01,31.70,0.00,4.00,2.19,367372.89,0.00,0.00,0.00,304.71,413.74,59.29,0.00,0.00,0.00,0.00,0.00,0.00,62575.97,28775735.06,4242787.52,696097.08
2015-11-01,0.00,-0.08,325.44,0.00,0.00,0.00,0.21,429.48,103.86,23.06,32.50,0.00,4.80,0.00,370772.87,0.00,0.00,0.00,199.93,420.61,83.82,0.00,0.00,0.00,0.00,0.00,0.00,36933.91,36029232.87,8836752.18,1984631.31
2015-12-01,0.00,-9.50,187.83,0.00,0.00,0.00,6.47,587.02,94.80,27.21,36.00,0.00,5.00,116.64,209952.61,0.00,0.00,0.00,4484.39,239.78,96.07,0.00,0.00,0.00,0.00,0.00,0.00,664393.58,58298382.30,9049227.05,2625133.68
2016-01-01,0.00,0.00,0.00,0.00,0.00,59.11,36.69,658.29,80.87,23.24,34.40,0.00,9.80,0.00,0.00,0.00,0.00,36160.47,24386.60,70.55,112.90,0.00,0.00,0.00,0.00,0.00,7003962.60,4209707.72,74132508.77,8902122.87,2625008.37
2016-02-01,0.00,0.00,0.00,0.00,0.00,142.59,43.43,502.58,68.16,23.03,32.70,0.00,8.20,0.00,0.00,0.00,0.00,87220.35,28866.99,148.87,165.48,0.00,0.00,0.00,0.00,0.00,23632023.43,7232698.22,82198815.98,12150159.92,3753261.08
2016-03-01,0.00,0.00,0.00,8.34,0.00,152.89,45.54,469.50,65.63,20.08,31.60,0.00,7.20,0.00,0.27,8104.49,0.00,93524.24,30272.17,173.10,252.72,0.00,0.00,0.00,2071627.95,0.00,38602465.32,11527118.99,119139184.91,16267141.36,5107998.87
2016-04-01,0.00,0.00,0.00,45.51,0.00,148.33,59.45,433.19,69.84,15.77,25.80,0.00,5.80,0.00,0.00,44236.13,0.00,90734.65,39519.12,226.00,237.12,0.00,0.00,0.00,10729260.13,0.00,35139361.24,14365023.82,102592543.66,16178025.99,4451041.30
2016-05-01,0.00,0.00,0.00,0.81,0.00,48.49,4.84,705.41,109.51,11.08,21.50,0.00,1.80,0.00,0.00,841.47,0.00,29658.87,3216.07,38.31,46.73,0.00,0.00,0.00,64269.87,0.00,3292285.64,478828.14,32084763.88,4686003.12,519064.13
2016-06-01,0.00,-76.03,0.19,-0.05,0.00,0.00,14.60,894.84,109.90,8.81,17.80,0.00,1.10,651.07,172.72,4.52,0.00,0.00,9702.61,9.69,76.70,0.00,0.00,0.00,536.65,0.00,0.00,1883414.39,69836713.06,7023443.03,687475.73
2016-07-01,0.00,-192.64,3.31,0.94,0.00,0.00,2.75,1061.65,127.53,11.22,16.70,0.00,1.70,448.16,3250.81,951.23,0.00,0.00,1865.36,5.54,71.75,0.00,0.00,0.00,19040.98,0.00,0.00,519445.80,73836200.11,7698321.17,672727.52
2016-08-01,0.00,-180.87,0.23,0.30,0.00,0.00,0.82,1064.23,96.91,7.63,19.20,0.00,1.70,88.15,244.69,290.05,0.00,0.00,547.59,1.00,45.55,0.00,0.00,0.00,15941.97,0.00,0.00,75879.62,48069449.48,3329442.85,333166.69
2016-09-01,0.00,-46.40,101.29,0.00,0.00,0.00,0.09,755.55,71.32,9.07,22.50,0.00,3.60,0.00,110043.95,0.00,0.00,0.00,62.27,123.59,47.38,0.00,0.00,0.00,0.00,0.00,0.00,2363.13,36461346.59,3271897.49,407921.62
2016-10-01,0.00,-216.34,0.93,0.00,0.00,0.00,-0.60,1015.24,121.31,12.39,26.10,0.00,3.70,12.67,892.88,0.00,0.00,0.00,68.95,1.02,34.79,0.00,0.00,0.00,0.00,0.00,0.00,6153.51,34706448.17,3362270.61,434296.98
2016-11-01,0.00,-110.89,50.80,0.00,0.00,0.00,1.19,812.46,105.36,13.51,29.60,0.00,6.10,84.93,57778.21,0.00,0.00,0.00,899.85,67.16,37.97,0.00,0.00,0.00,0.00,0.00,0.00,252888.69,31355675.92,3090167.13,614660.40
2016-12-01,0.00,-25.75,176.93,0.00,0.00,0.00,2.81,569.88,94.91,15.61,30.20,0.00,6.40,99.42,201908.95,0.00,0.00,0.00,1866.97,244.10,41.75,0.00,0.00,0.00,0.00,0.00,0.00,179142.52,24498984.98,3681905.83,705007.27
2017-01-01,0.00,-19.05,253.06,0.00,0.00,101.11,10.04,368.34,102.14,16.14,31.30,0.00,9.10,1712.28,296962.93,0.00,0.00,61851.40,6672.57,437.34,86.52,0.00,0.00,0.00,0.00,0.00,8408782.28,978542.15,34131566.41,8297932.08,1473395.43
2017-02-01,0.00,-49.54,169.42,0.00,0.00,132.71,3.45,410.95,84.17,13.04,28.10,0.00,8.50,5057.97,195338.47,0.00,0.00,81179.98,2295.78,358.22,94.99,0.00,0.00,0.00,0.00,0.00,12602585.06,321108.35,42847204.84,7504592.58,1252327.23
2017-03-01,0.00,-12.26,196.16,0.00,0.00,150.36,17.94,387.82,70.75,11.81,32.10,0.00,5.70,1572.26,224434.50,0.00,0.00,91976.49,11925.74,397.24,114.64,0.00,0.00,0.00,0.00,0.00,17174918.58,2442819.43,46993045.76,7889748.61,1364110.63
2017-04-01,0.00,-24.11,190.55,0.00,0.00,145.34,13.73,443.48,48.68,8.77,25.50,0.00,3.30,2928.65,203194.70,0.00,0.00,88906.95,9123.42,360.94,131.28,0.00,0.00,0.00,0.00,0.00,19168665.38,1734359.71,57148018.38,5766893.16,1112493.08
2017-05-01,0.00,-66.18,87.73,0.00,0.00,147.17,6.41,694.40,74.63,5.75,20.70,0.00,4.10,6518.29,90152.09,0.00,0.00,90023.41,4260.47,187.30,109.21,0.00,0.00,0.00,0.00,0.00,15951971.38,923108.60,79504700.74,7346600.69,602078.65
2017-06-01,0.00,-37.36,117.40,0.00,0.00,52.31,1.78,751.16,74.93,5.73,17.50,0.00,0.60,1950.53,122740.59,0.00,0.00,32001.01,1184.23,159.40,104.20,0.00,0.00,0.00,0.00,0.00,5196634.11,199450.96,81367571.24,7411429.97,605978.24
2017-07-01,0.00,-68.46,92.48,0.00,0.00,0.00,8.80,893.78,88.12,6.29,15.80,0.00,0.70,758.39,86923.73,0.00,0.00,0.00,5847.34,90.12,117.44,0.00,0.00,0.00,0.00,0.00,0.00,1179583.45,107621462.49,9763518.00,737178.94
2017-08-01,0.00,-111.32,38.18,0.00,0.00,0.00,7.61,1005.00,87.27,9.06,18.10,0.00,1.00,766.82,37886.24,0.00,0.00,0.00,5060.49,40.72,99.02,0.00,0.00,0.00,0.00,0.00,0.00,956131.08,102681430.85,7890819.24,867394.60
2017-09-01,0.00,-231.62,11.03,0.00,0.00,93.58,1.29,981.49,128.77,10.56,22.30,0.00,1.00,13109.24,10759.98,0.00,0.00,57240.19,855.38,56.02,74.82,0.00,0.00,0.00,0.00,0.00,6956104.43,135381.06,73270964.35,9172891.43,752873.51
2017-10-01,0.00,-206.59,40.04,0.00,0.00,0.00,17.12,956.54,96.37,14.41,31.90,0.00,5.40,1555.35,40936.59,0.00,0.00,0.00,11418.36,55.34,68.92,0.00,0.00,0.00,0.00,0.00,0.00,1368373.54,65699369.27,6277736.39,1009623.79
2017-11-01,0.00,-49.29,114.51,0.00,0.00,132.96,17.54,551.83,86.32,16.93,33.10,0.00,4.70,5248.22,115903.95,0.00,0.00,81333.74,11661.55,233.86,94.72,0.00,0.00,0.00,0.00,0.00,12614238.01,1846905.71,55210841.92,8265124.56,1692157.98
2017-12-01,0.00,-59.02,140.62,0.00,0.00,130.79,14.88,493.42,103.45,16.78,32.30,0.00,8.50,5804.99,146510.38,0.00,0.00,80001.45,9888.44,274.22,91.38,0.00,0.00,0.00,0.00,0.00,11385721.75,1511911.46,48779030.99,8793484.32,1536995.15
2018-01-01,0.00,-72.41,155.93,0.00,0.00,150.83,0.69,556.26,78.79,17.01,36.70,0.00,8.40,6640.64,164763.05,0.00,0.00,92263.57,457.68,282.77,98.70,0.00,0.00,0.00,0.00,0.00,15145354.72,54751.72,58678048.00,7614748.40,1878061.09
2018-02-01,0.00,-57.87,133.39,0.00,0.00,130.68,2.37,498.60,76.89,13.39,30.50,0.00,8.60,5510.79,139399.28,0.00,0.00,79936.38,1574.19,270.11,89.42,0.00,0.00,0.00,0.00,0.00,11710048.38,220440.70,45051746.82,6619261.33,1182959.37
2018-03-01,0.00,-47.86,112.79,0.00,0.00,121.09,2.55,572.17,88.20,13.47,30.10,0.00,7.10,4586.16,115833.86,0.00,0.00,74069.45,1695.40,216.85,83.80,0.00,0.00,0.00,0.00,0.00,10235022.36,244998.23,48438572.41,6738283.32,1100776.32
2018-04-01,0.00,0.00,0.00,0.00,0.00,0.00,4.44,775.34,87.34,10.12,24.60,0.00,5.10,0.00,0.00,0.00,0.00,0.00,2948.79,3.36,80.74,0.00,0.00,0.00,0.00,0.00,0.00,358641.08,63136473.46,6737383.09,806276.00
2018-05-01,0.00,0.00,0.00,0.00,0.00,0.00,0.57,858.37,111.85,7.15,23.10,0.00,2.60,0.00,0.00,0.00,0.00,0.00,376.43,0.38,76.61,0.00,0.00,0.00,0.00,0.00,0.00,48799.87,66410571.61,8263302.16,560293.85
2018-06-01,0.00,-177.37,27.26,0.00,0.00,0.00,4.90,1062.76,78.29,6.65,17.90,0.00,1.80,480.46,26848.58,0.00,0.00,0.00,3270.17,29.56,74.46,0.00,0.00,0.00,0.00,0.00,0.00,409833.73,76781771.71,5103929.98,487821.79
2018-07-01,0.00,-274.55,4.08,0.00,0.00,0.00,1.03,1193.71,122.11,7.31,17.90,0.00,2.60,148.00,4085.53,0.00,0.00,0.00,683.98,4.39,45.45,0.00,0.00,0.00,0.00,0.00,0.00,82284.07,54324208.57,5112298.86,316689.39
2018-08-01,0.00,-326.65,0.01,0.00,0.00,32.70,-0.02,1233.80,111.75,9.63,17.80,0.00,0.60,5745.78,13.56,0.00,0.00,20000.13,0.05,13.44,25.98,0.00,0.00,0.00,0.00,0.00,670686.46,2.34,32532410.94,2456069.77,212859.82
2018-09-01,0.00,-256.49,6.49,0.00,0.00,0.00,7.17,1073.24,103.31,13.66,22.20,0.00,2.30,1001.65,6169.39,0.00,0.00,0.00,5052.62,10.79,61.52,0.00,0.00,0.00,0.00,0.00,0.00,1613508.95,65215691.95,4422176.31,1142919.37
2018-10-01,0.00,-53.32,112.75,0.00,0.00,0.00,19.14,730.87,70.66,16.82,25.40,0.00,3.20,1192.57,111025.82,0.00,0.00,0.00,12719.65,136.64,96.32,0.00,0.00,0.00,0.00,0.00,0.00,2163888.05,73388333.66,6140129.15,1518286.03
2018-11-01,0.00,-110.11,40.51,0.00,0.00,0.00,15.66,824.18,77.90,16.00,31.00,0.00,5.30,1765.14,39596.16,0.00,0.00,0.00,10484.06,55.91,86.08,0.00,0.00,0.00,0.00,0.00,0.00,1437233.25,72640141.22,6267913.88,1303540.13
2018-12-01,0.00,-154.31,58.97,0.00,0.00,0.00,5.22,848.41,84.87,21.46,31.90,0.00,8.10,878.19,62447.74,0.00,0.00,0.00,3656.48,75.44,72.20,0.00,0.00,0.00,0.00,0.00,0.00,356583.42,62230826.67,5938980.23,1517252.20
2019-01-01,0.00,-55.09,150.35,0.00,0.00,0.00,29.99,640.74,88.86,22.84,37.90,0.00,9.90,2022.35,154175.09,0.00,0.00,0.00,19937.26,196.07,149.26,0.00,0.00,0.00,0.00,0.00,0.00,5332219.02,101421610.12,12327804.75,3520125.77
2019-02-01,0.00,-22.33,159.85,0.00,0.00,94.07,10.76,395.82,101.65,16.90,35.20,0.00,8.00,2167.69,158406.92,0.00,0.00,57544.12,7153.97,291.97,135.66,0.00,0.00,0.00,0.00,0.00,11612628.92,1622721.08,56091176.88,13109047.93,2302376.48
2019-03-01,0.00,-18.67,217.67,0.00,0.00,51.27,23.74,469.00,76.46,16.13,39.10,0.00,6.00,1516.60,223514.57,0.00,0.00,31359.94,15812.08,322.13,123.27,0.00,0.00,0.00,0.00,0.00,6090485.59,2828126.88,57463494.08,8952148.94,1907059.79
2019-04-01,0.00,-32.00,142.57,0.00,0.00,63.68,18.14,547.99,96.49,12.76,28.70,0.00,5.40,2398.44,137182.96,0.00,0.00,38956.10,12055.16,218.68,105.36,0.00,0.00,0.00,0.00,0.00,5509367.85,2136852.54,59530454.43,9692623.12,1321353.70
2019-05-01,0.00,-88.77,55.20,0.00,0.00,85.40,3.86,790.87,102.50,8.29,19.70,0.00,3.10,5560.06,52691.25,0.00,0.00,52238.05,2563.10,106.47,93.52,0.00,0.00,0.00,0.00,0.00,7909749.56,402812.25,74393515.61,9083755.04,754021.46
2019-06-01,0.00,-116.20,44.02,0.00,0.00,0.00,19.06,959.54,77.03,6.87,18.10,0.00,-0.20,1867.28,41665.64,0.00,0.00,0.00,12681.66,52.99,99.15,0.00,0.00,0.00,0.00,0.00,0.00,2183707.33,98208775.85,6583764.80,696712.10
2019-07-01,0.00,-197.27,8.90,0.00,0.00,0.00,20.17,1056.28,133.98,8.19,17.90,0.00,1.80,2292.09,8769.66,0.00,0.00,0.00,13422.69,19.32,76.74,0.00,0.00,0.00,0.00,0.00,0.00,1853952.37,80370360.87,9499195.56,629766.33
2019-08-01,0.00,-138.20,20.38,0.00,0.00,0.00,14.90,993.24,108.31,11.65,18.50,0.00,1.20,1852.25,17647.88,0.00,0.00,0.00,10134.36,25.67,72.65,0.00,0.00,0.00,0.00,0.00,0.00,1552978.43,75411986.74,6741318.17,703351.95
2019-09-01,0.00,-5.57,4.22,0.00,0.00,0.00,0.83,772.32,97.70,15.95,27.20,0.00,1.40,59.46,3998.12,0.00,0.00,0.00,552.16,5.07,58.30,0.00,0.00,0.00,0.00,0.00,0.00,81051.73,45523035.59,5370679.61,946885.38
2019-10-01,0.00,-43.66,177.62,0.00,0.00,0.00,20.29,575.70,94.13,20.06,28.20,0.00,2.90,1052.84,166776.89,0.00,0.00,0.00,13691.19,212.54,108.80,0.00,0.00,0.00,0.00,0.00,0.00,2301371.57,62940859.37,9555177.32,2020883.98
2019-11-01,0.00,-90.11,61.00,0.00,0.00,0.00,8.42,734.22,121.10,20.72,36.80,0.00,4.10,591.10,58240.19,0.00,0.00,0.00,5755.73,74.13,68.53,0.00,0.00,0.00,0.00,0.00,0.00,692638.79,50137837.04,7873769.88,1410375.91
2019-12-01,0.00,-98.77,89.26,0.00,0.00,0.00,8.17,744.64,106.41,25.24,40.80,0.00,5.80,1069.34,89119.68,0.00,0.00,0.00,5584.62,107.02,52.02,0.00,0.00,0.00,0.00,0.00,0.00,398944.47,39290092.68,4853421.62,1269826.76
2020-01-01,0.00,-62.26,185.12,0.00,0.00,0.00,4.55,610.14,94.84,22.04,40.40,0.00,9.00,265.77,179785.91,0.00,0.00,0.00,3064.36,213.69,56.24,0.00,0.00,0.00,0.00,0.00,0.00,274945.30,31025931.37,5374676.19,1218646.89
2020-02-01,0.00,-76.61,129.77,0.00,0.00,0.00,3.37,614.74,107.11,19.68,31.30,0.00,7.50,484.57,127870.42,0.00,0.00,0.00,2288.07,162.49,39.28,0.00,0.00,0.00,0.00,0.00,0.00,121640.05,22937566.26,3872778.95,727411.66
2020-03-01,0.00,-109.66,109.30,0.00,0.00,0.00,0.09,721.93,86.40,17.46,27.30,0.00,5.30,58.34,102993.47,0.00,0.00,0.00,144.38,124.87,37.25,0.00,0.00,0.00,0.00,0.00,0.00,9492.34,26124139.24,3074563.39,656851.31
2020-04-01,0.00,-206.73,32.80,0.00,0.00,0.00,1.47,932.26,124.92,12.71,22.10,0.00,5.20,266.69,28258.43,0.00,0.00,0.00,1206.91,32.54,23.52,0.00,0.00,0.00,0.00,0.00,0.00,51807.00,21827912.75,2539270.47,347064.62
2020-05-01,0.00,-189.39,22.91,0.00,0.00,0.00,3.56,988.07,127.14,10.47,18.90,0.00,0.90,525.46,19093.36,0.00,0.00,0.00,2899.97,22.30,35.68,0.00,0.00,0.00,0.00,0.00,0.00,204337.16,36585145.73,4147890.26,358148.92
2020-06-01,0.00,-166.19,25.48,0.00,0.00,0.00,11.46,969.06,118.12,7.73,16.90,0.00,1.50,1467.04,23598.75,0.00,0.00,0.00,7920.31,31.12,36.80,0.00,0.00,0.00,0.00,0.00,0.00,441362.74,35981327.19,4103757.62,293511.44
2020-07-01,0.00,-143.25,54.20,0.00,0.00,0.00,23.04,980.32,95.07,10.26,15.60,0.00,0.50,2320.22,49220.39,0.00,0.00,0.00,15455.94,61.16,57.17,0.00,0.00,0.00,0.00,0.00,0.00,1456535.63,57873591.41,4474973.90,542116.56
2020-08-01,0.00,-58.11,167.14,0.00,0.00,0.00,24.58,705.05,121.99,13.25,21.60,0.00,0.40,1200.28,148500.79,0.00,0.00,0.00,16448.61,168.14,56.20,0.00,0.00,0.00,0.00,0.00,0.00,1501365.33,39618648.42,6372775.39,757388.41
2020-09-01,0.00,-83.54,113.30,0.00,0.00,0.00,4.76,691.57,184.56,16.83,23.20,0.00,1.80,446.78,96831.73,0.00,0.00,0.00,3167.01,107.33,37.91,0.00,0.00,0.00,0.00,0.00,0.00,224168.16,26649062.34,6421200.70,610802.34
2020-10-01,0.00,-84.77,104.84,0.00,0.00,0.00,3.41,749.11,130.91,20.95,20.90,0.00,1.90,291.18,85560.11,0.00,0.00,0.00,2499.24,94.94,41.87,0.00,0.00,0.00,0.00,0.00,0.00,223276.05,32427813.47,4327572.34,800417.68
2020-11-01,0.00,-38.43,197.98,0.00,0.00,0.00,8.10,479.89,151.77,25.44,32.60,0.00,4.90,720.52,176309.01,0.00,0.00,0.00,5602.55,219.69,59.44,0.00,0.00,0.00,0.00,0.00,0.00,535513.54,29151383.19,7923665.96,1537168.37
2020-12-01,0.00,-40.49,205.28,0.00,0.00,0.00,1.03,495.91,181.83,25.58,33.50,15.11,7.00,168.73,183022.21,0.00,0.00,0.00,994.47,211.53,36.93,0.00,0.00,0.00,0.00,0.00,0.00,50047.02,18847159.76,5664785.14,1055159.98
2021-01-01,0.00,-17.19,233.86,0.00,0.00,0.00,1.81,453.72,154.74,26.77,37.50,17.02,6.30,213.13,209589.70,0.00,0.00,0.00,1291.08,246.76,37.89,0.00,0.00,0.00,0.00,0.00,0.00,60722.78,18317233.63,5946151.16,1006900.61
2021-02-01,0.00,-31.11,171.35,0.00,0.00,0.00,0.29,474.36,130.71,22.93,25.20,17.24,11.60,0.00,157404.67,0.00,0.00,0.00,194.98,205.07,31.99,0.00,0.00,0.00,0.00,0.00,0.00,10245.61,16632164.21,3399307.23,733889.25
2021-03-01,0.00,-77.13,125.95,0.00,0.00,0.00,0.35,622.57,163.66,21.08,29.10,15.93,7.70,0.04,115174.81,0.00,0.00,0.00,277.04,134.80,30.97,0.00,0.00,0.00,0.00,0.00,0.00,20552.66,20390643.95,4729641.49,615409.23
2021-04-01,0.00,-167.51,74.51,0.00,0.00,0.00,1.73,793.54,186.11,16.08,32.30,13.83,2.10,265.12,61817.00,0.00,0.00,0.00,1168.36,69.35,25.48,0.00,0.00,0.00,0.00,0.00,0.00,93023.48,21575715.38,3552456.41,423191.34
2021-05-01,0.00,-131.14,97.26,0.00,0.00,0.00,7.79,827.75,159.82,11.44,22.60,11.09,2.70,1135.21,82486.53,0.00,0.00,0.00,5178.56,88.94,42.65,0.00,0.00,0.00,0.00,0.00,0.00,362714.33,37111332.77,5783180.83,462011.63
2021-06-01,0.00,-142.19,74.97,0.00,0.00,0.00,8.00,926.96,110.18,7.49,17.90,9.82,2.40,850.48,60134.87,0.00,0.00,0.00,5318.29,65.56,70.42,0.00,0.00,0.00,0.00,0.00,0.00,856549.35,65706816.23,5185437.11,549520.30
2021-07-01,0.00,-168.42,78.31,0.00,0.00,0.00,0.65,953.26,163.71,9.93,17.10,8.96,0.30,106.25,63625.46,0.00,0.00,0.00,558.95,61.77,38.93,0.00,0.00,0.00,0.00,0.00,0.00,23501.62,39568034.94,4589561.41,349896.46
2021-08-01,0.00,-242.49,30.19,0.00,0.00,0.00,-1.88,1072.42,188.87,13.50,19.40,10.23,1.20,0.00,20355.59,0.00,0.00,0.00,0.00,19.19,22.68,0.00,0.00,0.00,0.00,0.00,0.00,0.00,27557942.99,3059072.34,183351.36
2021-09-01,0.00,-200.77,51.16,0.00,0.00,0.00,-0.91,942.43,173.27,20.44,25.80,10.77,2.00,14.63,34000.61,0.00,0.00,0.00,75.42,34.56,17.80,0.00,0.00,0.00,0.00,0.00,0.00,-319.17,21052053.06,1696407.02,162211.73
2021-10-01,0.00,-144.97,58.24,0.00,0.00,0.00,-1.09,850.51,161.67,23.28,23.80,11.93,3.60,0.01,41628.57,0.00,0.00,0.00,34.74,43.97,10.39,0.00,0.00,0.00,0.00,0.00,0.00,-205.30,12260330.06,876840.90,11090.34
2021-11-01,0.00,-148.50,77.75,0.00,0.00,0.00,-1.89,821.85,112.81,27.66,25.80,13.22,3.40,6.49,55638.62,0.00,0.00,0.00,47.47,62.58,32.38,0.00,0.00,0.00,0.00,0.00,0.00,3202.32,28901847.92,2850614.63,718086.39
2021-12-01,0.00,-56.82,196.32,0.00,0.00,0.00,-1.98,587.30,142.37,35.36,31.50,15.65,5.60,0.00,158389.36,0.00,0.00,0.00,71.22,175.57,50.06,0.00,0.00,0.00,0.00,0.00,0.00,4551.60,31906529.04,5999713.63,1627746.58
2022-01-01,-2.12,-35.23,165.04,0.00,0.00,0.00,1.89,624.00,116.93,28.20,28.80,17.62,9.80,331.92,139415.49,0.00,0.00,0.00,2699.42,157.76,62.99,175512.85,0.00,0.00,0.00,0.00,0.00,379950.40,41839146.74,7001203.95,1622613.37
2022-02-01,-9.17,-14.37,167.09,0.00,0.00,0.00,3.20,526.92,123.83,27.22,29.70,17.35,9.00,215.90,134770.09,0.00,0.00,0.00,3323.62,167.18,73.14,639068.90,0.00,0.00,0.00,0.00,0.00,505121.25,42581455.35,8901059.69,1407184.79
2022-03-01,-10.38,-29.42,146.74,0.00,0.00,0.00,7.34,646.74,115.05,23.20,29.00,16.30,7.00,293.65,124001.03,0.00,0.00,0.00,5095.67,143.23,75.84,777333.65,0.00,0.00,0.00,0.00,0.00,694766.03,52687915.15,7865110.83,1531869.91
2022-04-01,-11.13,-68.70,118.21,0.00,0.00,0.00,30.81,682.15,109.67,16.68,26.40,14.13,6.60,1463.04,98999.71,0.00,0.00,0.00,20758.13,134.78,144.03,1570852.16,0.00,0.00,0.00,0.00,0.00,5293394.25,108020791.49,14112625.84,1744535.01
2022-05-01,-6.04,-156.32,42.05,0.00,0.00,0.00,4.51,943.01,150.51,12.02,21.20,10.55,3.00,567.39,32639.62,0.00,0.00,0.00,3136.17,35.57,222.15,1003465.62,0.00,0.00,0.00,0.00,0.00,1159555.55,221400742.99,25958275.00,2756113.26
2022-06-01,-0.59,-133.62,14.50,0.00,0.00,0.00,3.14,969.48,190.95,9.77,16.10,8.78,2.60,388.81,9766.31,0.00,0.00,0.00,2287.75,11.07,306.12,77551.17,0.00,0.00,0.00,0.00,0.00,4790207.75,321124497.19,40449092.63,2026612.43
2022-07-01,0.00,-62.12,79.12,0.00,0.00,0.00,2.31,894.20,131.24,11.48,16.40,8.42,1.30,195.48,62609.12,0.00,0.00,0.00,1537.47,60.55,327.00,0.00,0.00,0.00,0.00,0.00,0.00,879795.28,300628683.91,40638957.51,3361842.04
2022-08-01,0.00,-25.84,60.44,0.00,0.00,0.00,13.21,784.64,179.26,14.58,20.60,9.96,1.10,329.37,43445.57,0.00,0.00,0.00,8781.36,50.57,156.24,0.00,0.00,0.00,0.00,0.00,0.00,3125822.72,128879992.39,18681716.59,1726859.91
2022-09-01,-0.03,-29.11,83.02,0.00,0.00,0.00,7.89,736.14,129.39,19.73,22.70,10.39,2.60,158.47,62018.93,0.00,0.00,0.00,5243.64,70.86,136.24,2743.19,0.00,0.00,0.00,0.00,0.00,1609638.84,104641636.67,14235144.26,2044930.68
2022-10-01,0.00,-39.39,164.35,0.00,0.00,0.00,16.98,666.92,117.43,24.41,23.20,12.45,3.10,725.55,125836.43,0.00,0.00,0.00,11562.48,143.76,124.40,0.00,0.00,0.00,0.00,0.00,0.00,2772596.91,91568531.52,13359721.08,2093885.06
2022-11-01,0.00,-62.79,97.09,0.00,0.00,0.00,1.98,672.87,141.34,31.88,28.00,13.49,4.70,241.19,71378.55,0.00,0.00,0.00,2010.92,82.90,108.74,0.00,0.00,0.00,0.00,0.00,0.00,1073275.20,87684313.44,12714096.86,1788187.50
2022-12-01,0.00,-28.77,230.17,0.00,0.00,0.00,1.92,539.41,125.63,37.34,31.40,14.98,6.70,142.12,182284.13,0.00,0.00,0.00,1360.83,202.61,76.69,0.00,0.00,0.00,0.00,0.00,0.00,191206.75,45416548.10,7955249.19,2404756.42
2023-01-01,0.00,-13.40,256.53,0.00,0.00,0.00,6.52,501.76,114.13,37.16,32.10,18.22,9.80,252.30,215274.03,0.00,0.00,0.00,4335.66,243.00,87.44,0.00,0.00,0.00,0.00,0.00,0.00,622156.34,46830164.31,8643688.27,2751133.46
2023-02-01,0.00,-12.34,228.04,0.00,0.00,0.00,2.03,442.39,115.99,30.12,36.00,17.43,7.60,126.31,180007.10,0.00,0.00,0.00,1346.16,224.79,82.51,0.00,0.00,0.00,0.00,0.00,0.00,179342.24,39304854.50,8741324.09,1489140.22
2023-03-01,0.00,-57.41,163.71,0.00,0.00,0.00,7.75,584.26,157.45,28.94,28.70,15.34,6.60,815.91,127068.29,0.00,0.00,0.00,5308.10,148.71,72.84,0.00,0.00,0.00,0.00,0.00,0.00,753400.91,48332037.57,9291451.28,1248030.76
2023-04-01,0.00,-110.54,123.83,0.00,0.00,0.00,6.71,716.54,134.51,20.93,24.40,13.80,6.80,940.77,93654.21,0.00,0.00,0.00,4493.73,108.98,70.51,0.00,0.00,0.00,0.00,0.00,0.00,499184.15,55548639.20,8016654.62,1206280.53
2023-05-01,0.00,-146.50,83.34,0.00,0.00,0.00,6.05,867.50,192.51,15.75,19.40,10.92,2.20,837.57,64799.79,0.00,0.00,0.00,4023.88,66.74,83.87,0.00,0.00,0.00,0.00,0.00,0.00,505822.96,76123558.44,13277251.65,1558085.45
2023-06-01,0.00,-147.17,64.38,0.00,0.00,0.00,5.81,884.13,191.28,11.84,18.30,9.61,1.60,773.17,39101.69,0.00,0.00,0.00,3875.41,41.78,40.49,0.00,0.00,0.00,0.00,0.00,0.00,376714.00,42847499.95,5692820.75,384954.83
2023-07-01,0.00,-212.75,44.68,0.00,0.00,0.00,2.82,952.66,238.05,13.27,19.10,10.91,3.60,407.00,26085.98,0.00,0.00,0.00,1905.19,26.56,25.12,0.00,0.00,0.00,0.00,0.00,0.00,159550.78,30295943.73,3308687.06,202677.29
2023-08-01,0.00,-172.37,60.82,0.00,0.00,0.00,7.84,909.59,172.32,19.69,19.00,10.43,1.80,1142.16,42397.86,0.00,0.00,0.00,5232.73,46.59,38.91,0.00,0.00,0.00,0.00,0.00,0.00,455953.02,40667629.46,4978563.56,420455.89
2023-09-01,0.00,-126.30,109.57,0.00,0.00,0.00,5.06,717.95,173.20,28.94,23.40,12.34,1.90,833.36,78348.71,0.00,0.00,0.00,3637.78,89.33,28.42,0.00,0.00,0.00,0.00,0.00,0.00,322182.04,27235318.24,2932595.57,189464.52
2023-10-01,0.00,-42.95,149.97,0.00,0.00,0.00,2.84,586.51,176.60,37.33,22.60,12.27,3.60,260.91,106471.27,0.00,0.00,0.00,2287.02,119.19,38.68,0.00,0.00,0.00,0.00,0.00,0.00,277559.57,26839126.15,5848309.77,951128.90
2023-11-01,0.00,-20.64,235.07,0.00,0.00,0.00,2.36,516.15,104.59,42.73,27.00,14.10,5.30,61.63,184494.86,0.00,0.00,0.00,1656.20,211.40,60.80,0.00,0.00,0.00,0.00,0.00,0.00,183990.99,35054596.23,5337121.76,1677487.88
2023-12-01,0.00,-20.04,255.30,0.00,0.00,0.00,7.22,480.21,120.11,46.92,26.60,16.20,6.80,164.77,191987.46,0.00,0.00,0.00,4798.76,220.99,52.97,0.00,0.00,0.00,0.00,0.00,0.00,353963.04,28623033.25,5617450.19,1691486.64
2024-01-01,0.00,-17.75,243.28,0.00,0.00,0.00,12.89,435.66,153.70,45.36,30.80,17.90,9.30,22.76,193585.86,0.00,0.00,0.00,8571.12,231.51,50.66,0.00,0.00,0.00,0.00,0.00,0.00,752867.35,25651465.84,6290096.72,1363495.09
2024-02-01,0.00,-32.55,222.56,0.00,0.00,0.00,3.65,480.22,131.99,43.95,34.80,18.05,9.40,541.35,177553.73,0.00,0.00,0.00,2432.60,211.16,85.66,0.00,0.00,0.00,0.00,0.00,0.00,1616496.81,54484180.52,10885804.62,3821082.14
2024-03-01,0.00,-20.90,239.43,0.00,0.00,0.00,1.74,500.75,140.33,37.18,33.40,16.12,7.40,166.65,194059.25,0.00,0.00,0.00,1155.57,217.08,71.02,0.00,0.00,0.00,0.00,0.00,0.00,281248.23,39199375.36,9249686.58,2002737.13
2024-04-01,0.00,-88.19,145.46,0.00,0.00,0.00,4.69,662.44,126.80,25.14,23.60,13.45,5.30,672.14,119413.90,0.00,0.00,0.00,3118.05,139.05,73.91,0.00,0.00,0.00,0.00,0.00,0.00,381330.70,50645981.00,8744083.73,1462801.11
2024-05-01,0.00,-40.59,199.47,0.00,0.00,0.00,59.28,610.23,129.22,18.12,20.70,11.44,3.40,1584.28,169014.70,0.00,0.00,0.00,39405.56,211.98,143.13,0.00,0.00,0.00,0.00,0.00,0.00,9445316.47,92230786.52,15594751.57,1993739.61
2024-06-01,0.00,-66.88,164.14,0.00,0.00,113.50,7.05,665.51,107.44,13.33,15.90,8.93,2.40,4690.11,135532.19,0.00,0.00,69428.61,4687.16,204.12,181.80,0.00,0.00,0.00,0.00,0.00,20110440.21,1692253.63,133717065.29,14296027.72,2503547.60
2024-07-01,0.00,-12.59,259.32,0.00,0.00,117.19,0.00,557.86,141.61,14.87,18.90,8.74,1.20,931.30,206627.84,0.00,0.00,71684.92,0.00,257.25,187.34,0.00,0.00,0.00,0.00,0.00,23821565.50,0.00,120817203.88,18034858.18,2280692.14
2024-08-01,0.00,-42.17,224.86,0.00,0.00,111.30,0.05,496.83,201.34,18.67,20.70,11.25,3.40,2731.07,160729.76,0.00,0.00,68079.84,34.17,223.68,136.71,0.00,0.00,0.00,0.00,0.00,19471138.37,4868.42,89049703.15,22269978.43,1219044.90
2024-09-01,0.00,-113.54,95.00,0.00,0.00,0.00,1.57,691.95,239.12,27.14,21.40,11.22,3.30,198.00,60742.68,0.00,0.00,0.00,1042.74,65.43,24.55,0.00,0.00,0.00,0.00,0.00,0.00,165235.54,22596846.77,4432434.91,104620.60
2024-10-01,0.00,-80.08,113.84,0.00,0.00,0.00,3.39,653.22,186.72,43.82,25.30,12.69,3.30,329.32,77361.89,0.00,0.00,0.00,2255.42,86.10,49.98,0.00,0.00,0.00,0.00,0.00,0.00,496448.32,39387779.74,7580000.15,1274300.32
2024-11-01,0.00,-31.45,164.77,0.00,0.00,0.00,2.17,531.45,142.09,47.51,29.60,14.81,4.20,38.78,123411.29,0.00,0.00,0.00,1441.77,145.72,96.55,0.00,0.00,0.00,0.00,0.00,0.00,154143.78,61154781.65,10711212.51,3392473.04
2024-12-01,0.00,-65.79,179.04,0.00,0.00,0.00,1.46,507.49,174.91,52.20,32.70,16.99,8.40,339.69,132166.53,0.00,0.00,0.00,1265.51,156.71,78.26,0.00,0.00,0.00,0.00,0.00,0.00,270786.92,52439150.11,10666466.18,2747036.95
2025-01-01,0.00,-19.89,251.01,0.00,0.00,0.00,3.01,423.98,120.38,53.08,35.20,17.63,8.90,245.55,193382.07,0.00,0.00,0.00,2013.18,234.68,114.37,0.00,0.00,0.00,0.00,0.00,0.00,421730.42,51755571.11,11615420.50,5603063.28
2025-02-01,0.00,-18.50,220.67,0.00,0.00,0.00,5.75,383.53,131.93,43.12,33.30,17.66,7.00,446.91,153034.22,0.00,0.00,0.00,3821.55,204.06,123.36,0.00,0.00,0.00,0.00,0.00,0.00,978631.63,51486725.68,15112240.34,4694007.24
2025-03-01,0.00,-24.77,253.20,0.00,0.00,0.00,9.01,470.96,115.97,40.64,30.30,16.59,8.50,412.74,194778.20,0.00,0.00,0.00,6104.22,231.76,101.33,0.00,0.00,0.00,0.00,0.00,0.00,942841.19,52441135.37,10656498.69,3135342.44
2025-04-01,0.00,-33.04,224.37,0.00,0.00,0.00,9.27,507.32,108.29,27.67,26.80,13.99,4.70,582.87,179119.97,0.00,0.00,0.00,6167.05,218.88,102.08,0.00,0.00,0.00,0.00,0.00,0.00,1119976.01,57402219.98,10303034.94,1806475.32