date,Battery (Charging) -  GWh,Exports -  GWh,Imports -  GWh,Coal (Brown) -  GWh,Gas (Steam) -  GWh,Gas (OCGT) -  GWh,Battery (Discharging) -  GWh,Hydro -  GWh,Wind -  GWh,Solar (Utility) -  GWh,Solar (Rooftop) -  GWh,Temperature Max - C,Temperature Mean - C,Temperature Min - C,Exports Emissions Vol - tCO₂e,Imports Emissions Vol - tCO₂e,Coal (Brown) Emissions Vol - tCO₂e,Gas (Steam) Emissions Vol - tCO₂e,Gas (OCGT) Emissions Vol - tCO₂e,Emissions Intensity - kgCO₂e/MWh,Volume Weighted Price - AUD/MWh,Battery (Charging) Market Value - AUD,Exports Market Value - AUD,Imports Market Value - AUD,Coal (Brown) Market Value - AUD,Gas (Steam) Market Value - AUD,Gas (OCGT) Market Value - AUD,Battery (Discharging) Market Value - AUD,Hydro Market Value - AUD,Wind Market Value - AUD,Solar (Utility) Market Value - AUD,Solar (Rooftop) Market Value - AUD
1998-12-01,0.00,0.00,0.00,2997.69,7.77,8.44,0.00,121.19,0.00,0.00,0.00,0.00,0.00,0.00,0.00,0.00,3837209.43,4217.22,6829.77,0.00,20.57,0.00,0.00,0.00,0.00,0.00,0.00,0.00,0.00,0.00,0.00,0.00
1999-01-01,0.00,0.00,0.00,3997.70,4.14,7.26,0.00,151.57,0.00,0.00,0.00,0.00,0.00,0.00,0.00,0.00,5128693.99,2249.94,5873.74,0.00,22.95,0.00,0.00,0.00,0.00,0.00,0.00,0.00,0.00,0.00,0.00,0.00
1999-02-01,0.00,0.00,0.00,3798.21,18.05,2.18,0.00,115.44,0.00,0.00,0.00,0.00,0.00,0.00,0.00,0.00,4910845.19,9798.54,1767.57,0.00,20.81,0.00,0.00,0.00,0.00,0.00,0.00,0.00,0.00,0.00,0.00,0.00
1999-03-01,0.00,0.00,0.00,4244.41,19.42,0.90,0.00,46.22,0.00,0.00,0.00,0.00,0.00,0.00,0.00,0.00,5470888.11,10546.14,730.00,0.00,19.35,0.00,0.00,0.00,0.00,0.00,0.00,0.00,0.00,0.00,0.00,0.00
1999-04-01,0.00,0.00,0.00,4044.08,0.00,4.47,0.00,34.71,0.00,0.00,0.00,0.00,0.00,0.00,0.00,0.00,5214287.60,2.13,3614.28,0.00,35.63,0.00,0.00,0.00,0.00,0.00,0.00,0.00,0.00,0.00,0.00,0.00
1999-05-01,0.00,0.00,0.00,4136.65,12.20,12.62,0.00,19.59,0.00,0.00,0.00,0.00,0.00,0.00,0.00,0.00,5330129.30,6626.72,10210.95,0.00,29.04,0.00,0.00,0.00,0.00,0.00,0.00,0.00,0.00,0.00,0.00,0.00
1999-06-01,0.00,0.00,0.00,4106.11,36.06,20.07,0.00,42.02,0.00,0.00,0.00,0.00,0.00,0.00,0.00,0.00,5278677.04,19582.35,16236.98,0.00,30.48,0.00,0.00,0.00,0.00,0.00,0.00,0.00,0.00,0.00,0.00,0.00
1999-07-01,0.00,0.00,0.00,4492.18,84.03,23.50,0.00,39.42,0.00,0.00,0.00,0.00,0.00,0.00,0.00,0.00,5807669.16,45628.81,19013.90,0.00,23.64,0.00,0.00,0.00,0.00,0.00,0.00,0.00,0.00,0.00,0.00,0.00
1999-08-01,0.00,0.00,0.00,4301.55,183.52,17.35,0.00,49.64,0.00,0.00,0.00,0.00,0.00,0.00,0.00,0.00,5581827.87,99652.85,14037.02,0.00,24.67,0.00,0.00,0.00,0.00,0.00,0.00,0.00,0.00,0.00,0.00,0.00
1999-09-01,0.00,0.00,0.00,4139.72,46.09,6.52,0.00,57.10,0.00,0.00,0.00,0.00,0.00,0.00,0.00,0.00,5360541.52,25024.95,5279.07,0.00,18.82,0.00,0.00,0.00,0.00,0.00,0.00,0.00,0.00,0.00,0.00,0.00
1999-10-01,0.00,0.00,0.00,4152.69,72.61,5.95,0.00,56.09,0.00,0.00,0.00,0.00,0.00,0.00,0.00,0.00,5359954.83,39428.30,4815.06,0.00,20.65,0.00,0.00,0.00,0.00,0.00,0.00,0.00,0.00,0.00,0.00,0.00
1999-11-01,0.00,0.00,0.00,4030.46,96.19,1.98,0.00,46.08,0.00,0.00,0.00,0.00,0.00,0.00,0.00,0.00,5184446.98,52232.12,1604.04,0.00,21.00,0.00,0.00,0.00,0.00,0.00,0.00,0.00,0.00,0.00,0.00,0.00
1999-12-01,0.00,0.00,0.00,4174.49,39.13,4.75,0.00,66.51,0.00,0.00,0.00,0.00,0.00,0.00,0.00,0.00,5378499.86,21246.94,3844.99,0.00,17.10,0.00,0.00,0.00,18592655.90,366549.43,14250.00,0.00,319136.31,0.00,0.00,0.00
2000-01-01,0.00,0.00,0.00,3595.87,188.68,90.80,0.00,100.37,0.00,0.00,0.00,0.00,0.00,0.00,0.00,0.00,4615175.51,102451.22,73464.84,0.00,33.35,0.00,0.00,0.00,40270573.43,949943.43,509519.05,0.00,1113679.28,0.00,0.00,0.00
2000-02-01,0.00,0.00,0.00,3698.20,235.71,110.00,0.00,112.05,0.00,0.00,0.00,0.00,0.00,0.00,0.00,0.00,4752808.36,127991.21,89001.96,0.00,55.52,0.00,0.00,0.00,46835751.50,3210139.82,2128672.30,0.00,1863967.05,0.00,0.00,0.00
2000-03-01,0.00,0.00,0.00,4234.21,69.71,10.03,0.00,76.72,0.00,0.00,0.00,0.00,0.00,0.00,0.00,0.00,5449808.59,37853.96,8116.17,0.00,36.45,0.00,0.00,0.00,74453302.70,1811098.10,75255.25,0.00,1243090.25,0.00,0.00,0.00
2000-04-01,0.00,0.00,0.00,4010.63,5.60,0.05,0.00,33.31,0.00,0.00,0.00,0.00,0.00,0.00,0.00,0.00,5159360.79,3039.87,43.63,0.00,26.57,0.00,0.00,0.00,30433986.68,28799.86,213.89,0.00,249581.62,0.00,0.00,0.00
2000-05-01,0.00,0.00,0.00,4071.27,174.29,16.75,0.00,34.72,0.00,0.00,0.00,0.00,0.00,0.00,0.00,0.00,5279754.66,94638.76,13548.67,0.00,55.90,0.00,0.00,0.00,41954355.98,2209761.17,629004.87,0.00,574329.72,0.00,0.00,0.00
2000-06-01,0.00,0.00,0.00,3835.42,277.35,35.61,0.00,28.41,0.00,0.00,0.00,0.00,0.00,0.00,0.00,0.00,5012066.77,150602.56,28814.14,0.00,46.13,0.00,0.00,0.00,33306126.45,2597544.35,420420.66,0.00,378543.59,0.00,0.00,0.00
2000-07-01,0.00,0.00,0.00,4026.58,5.95,12.25,0.00,20.39,0.00,0.00,0.00,0.00,0.00,0.00,0.00,0.00,5226577.95,3233.48,9913.75,0.00,49.47,0.00,0.00,0.00,43150816.71,51209.53,147160.19,0.00,348897.29,0.00,0.00,0.00
2000-08-01,0.00,0.00,0.00,3751.58,14.95,12.21,0.00,35.70,0.00,0.00,0.00,0.00,0.00,0.00,0.00,0.00,4883873.44,8117.59,9875.89,0.00,61.56,0.00,0.00,0.00,44764402.10,150766.32,409627.12,0.00,1012200.34,0.00,0.00,0.00
2000-09-01,0.00,0.00,0.00,3762.60,0.00,2.83,0.00,64.51,0.00,0.00,0.00,0.00,0.00,0.00,0.00,0.00,4862885.94,0.00,2293.31,0.00,25.53,0.00,0.00,0.00,23352640.34,0.00,28766.08,0.00,400890.27,0.00,0.00,0.00
2000-10-01,0.00,0.00,0.00,3986.18,0.00,0.90,0.00,108.75,0.00,0.00,0.00,0.00,0.00,0.00,0.00,0.00,5137106.74,0.00,728.16,0.00,29.55,0.00,0.00,0.00,25925342.91,0.00,5073.54,0.00,771092.90,0.00,0.00,0.00
2000-11-01,0.00,0.00,0.00,3899.05,12.90,5.39,0.00,76.58,0.00,0.00,0.00,0.00,0.00,0.00,0.00,0.00,5018994.93,7002.45,4360.70,0.00,33.76,0.00,0.00,0.00,32689831.64,149149.54,54657.51,0.00,834012.80,0.00,0.00,0.00
2000-12-01,0.00,0.00,0.00,4313.29,4.81,2.97,0.00,63.01,0.00,0.00,0.00,0.00,0.00,0.00,0.00,0.00,5551623.99,2610.28,2400.81,0.00,25.96,0.00,0.00,0.00,24806206.10,38378.53,40420.45,0.00,458756.58,0.00,0.00,0.00
2001-01-01,0.00,0.00,0.00,4271.23,106.18,18.68,0.00,76.18,0.00,0.00,0.00,0.00,0.00,0.00,0.00,0.00,5521866.62,57654.12,15110.55,0.00,61.21,0.00,0.00,0.00,51585262.02,2821489.66,1123576.83,0.00,2318279.16,0.00,0.00,0.00
2001-02-01,0.00,0.00,0.00,3939.05,129.69,13.96,0.00,54.81,0.00,0.00,0.00,0.00,0.00,0.00,0.00,0.00,5105250.62,70420.36,11297.74,0.00,49.34,0.00,0.00,0.00,38667001.34,2053301.43,526019.78,0.00,1146888.84,0.00,0.00,0.00
2001-03-01,0.00,0.00,0.00,4126.73,117.41,3.74,0.00,50.03,0.00,0.00,0.00,0.00,0.00,0.00,0.00,0.00,5366301.63,63752.13,3027.15,0.00,31.34,0.00,0.00,0.00,30437507.67,984793.51,18301.11,0.00,432327.77,0.00,0.00,0.00
2001-04-01,0.00,0.00,0.00,4031.84,55.41,1.61,0.00,33.24,0.00,0.00,0.00,0.00,0.00,0.00,0.00,0.00,5201277.25,30090.17,1305.95,0.00,29.29,0.00,0.00,0.00,25885315.81,472465.94,25505.92,0.00,273019.42,0.00,0.00,0.00
2001-05-01,0.00,0.00,0.00,4062.73,213.18,5.25,0.00,11.74,0.00,0.00,0.00,0.00,0.00,0.00,0.00,0.00,5219140.74,115758.50,3255.59,0.00,35.05,0.00,0.00,0.00,35160996.45,2223959.37,34106.94,0.00,132915.04,0.00,0.00,0.00
2001-06-01,0.00,0.00,0.00,4181.81,132.30,13.43,0.00,16.74,0.00,0.00,0.00,0.00,0.00,0.00,0.00,0.00,5398907.46,71840.01,7894.18,0.00,29.99,0.00,0.00,0.00,30742834.41,1006573.57,117565.92,0.00,169973.83,0.00,0.00,0.00
2001-07-01,0.00,0.00,0.00,4434.85,80.16,4.89,0.00,124.80,0.00,0.00,0.00,0.00,0.00,0.00,0.00,0.00,5722008.92,43528.88,3020.27,0.00,43.02,0.00,0.00,0.00,36465912.97,1130353.36,96993.93,0.00,1242259.42,0.00,0.00,0.00
2001-08-01,0.00,0.00,0.00,4496.48,78.49,15.30,0.00,160.40,0.00,0.00,0.00,0.00,0.00,0.00,0.00,0.00,5802821.06,42620.82,11552.44,0.00,76.80,0.00,0.00,0.00,57464613.21,1468723.18,254069.81,0.00,2741377.12,0.00,0.00,0.00
2001-09-01,0.00,0.00,0.00,4055.00,52.40,1.31,0.00,201.85,0.00,0.00,0.00,0.00,0.00,0.00,0.00,0.00,5222100.04,28454.94,811.94,0.00,25.52,0.00,0.00,0.00,25531296.50,255834.56,6170.98,0.00,1652516.04,0.00,0.00,0.00
2001-10-01,0.00,0.00,0.00,3797.22,67.03,4.48,0.00,279.07,0.00,0.00,0.00,0.00,0.00,0.00,0.00,0.00,4967289.96,36397.44,3059.84,0.00,28.91,0.00,0.00,0.00,25519708.84,578809.96,40333.73,0.00,2131282.45,0.00,0.00,0.00
2001-11-01,0.00,0.00,0.00,3747.70,31.26,0.88,0.00,229.15,0.00,0.00,0.00,0.00,0.00,0.00,0.00,0.00,4866911.20,16974.52,573.86,0.00,26.75,0.00,0.00,0.00,23292980.60,565277.49,15299.42,0.00,1783427.27,0.00,0.00,0.00
2001-12-01,0.00,0.00,0.00,3463.61,92.81,9.42,0.00,266.36,0.00,0.00,0.00,0.00,0.00,0.00,0.00,0.00,4507301.12,50393.42,5762.10,0.00,34.62,0.00,0.00,0.00,38246993.12,3091500.78,1035915.35,0.00,7136557.04,0.00,0.00,0.00
2002-01-01,0.00,0.00,0.00,3941.43,32.23,4.76,0.00,258.23,0.00,0.00,0.00,0.00,0.00,0.00,0.00,0.00,5130658.57,17502.84,2694.69,0.00,36.62,0.00,0.00,0.00,31389911.69,423794.06,68346.03,0.00,2365145.58,0.00,0.00,0.00
2002-02-01,0.00,0.00,0.00,3796.93,20.38,7.67,0.00,258.74,0.00,0.00,0.00,0.00,0.00,0.00,0.00,0.00,4956371.03,11068.11,4588.84,0.00,34.82,0.00,0.00,0.00,29850926.43,239118.88,76209.56,0.00,2706932.66,0.00,0.00,0.00
2002-03-01,0.00,0.00,0.00,3990.59,10.32,8.70,0.00,150.37,0.00,0.00,0.00,0.00,0.00,0.00,0.00,0.00,5215310.11,5601.78,5671.11,0.00,32.80,0.00,0.00,0.00,28416106.46,159898.25,83643.97,0.00,1107254.15,0.00,0.00,0.00
2002-04-01,0.00,0.00,0.00,3841.67,0.00,10.13,0.00,32.01,0.00,0.00,0.00,0.00,0.00,0.00,0.00,0.00,4928069.19,0.00,6395.99,0.00,28.96,0.00,0.00,0.00,27129140.83,0.00,116139.39,0.00,286073.39,0.00,0.00,0.00
2002-05-01,0.00,0.00,0.00,4052.81,55.81,37.01,0.00,125.92,0.00,0.00,0.00,0.00,0.00,0.00,0.00,0.00,5151854.72,30304.06,26448.54,0.00,61.60,0.00,0.00,0.00,51914359.16,2240541.70,2474452.64,0.00,6436498.55,0.00,0.00,0.00
2002-06-01,0.00,0.00,0.00,4257.58,79.62,36.75,0.00,184.99,0.00,0.00,0.00,0.00,0.00,0.00,0.00,0.00,5490501.68,43231.69,26849.45,0.00,40.09,0.00,0.00,0.00,42998833.74,2066288.64,1679236.15,0.00,4667606.44,0.00,0.00,0.00
2002-07-01,0.00,0.00,0.00,4466.23,142.96,53.49,0.00,258.08,0.00,0.00,0.00,0.00,0.00,0.00,0.00,0.00,5798821.81,77628.42,39294.00,0.00,44.16,0.00,0.00,0.00,47582276.44,2126804.78,1884291.89,0.00,5528372.26,0.00,0.00,0.00
2002-08-01,0.00,0.00,0.00,4512.20,87.03,14.86,0.00,208.66,0.00,0.00,0.00,0.00,0.00,0.00,0.00,0.00,5856126.03,47258.70,9803.30,0.00,27.37,0.00,0.00,0.00,30049074.77,728479.92,151088.16,0.00,1636109.78,0.00,0.00,0.00
2002-09-01,0.00,0.00,0.00,4153.71,74.48,16.39,0.00,306.93,0.00,0.00,0.00,0.00,0.00,0.00,0.00,0.00,5333032.43,40441.51,10548.32,0.00,28.39,0.00,0.00,0.00,29559520.04,978724.04,116431.79,0.00,2647836.79,0.00,0.00,0.00
2002-10-01,0.00,0.00,0.00,4150.68,38.51,7.31,0.00,266.20,0.00,0.00,0.00,0.00,0.00,0.00,0.00,0.00,5351916.29,20908.20,4711.49,0.00,27.25,0.00,0.00,0.00,25627999.75,245985.27,53696.91,0.00,1664616.37,0.00,0.00,0.00
2002-11-01,0.00,0.00,0.00,4254.16,11.86,11.97,0.00,224.03,0.00,0.00,0.00,0.00,0.00,0.00,0.00,0.00,5475394.71,6439.84,7793.37,0.00,28.39,0.00,0.00,0.00,31379486.44,200854.00,176240.84,0.00,1839026.78,0.00,0.00,0.00
2002-12-01,0.00,0.00,0.00,4266.30,31.77,17.02,0.00,206.63,0.00,0.00,0.00,0.00,0.00,0.00,0.00,0.00,5535622.24,17251.39,11131.58,0.00,32.91,0.00,0.00,0.00,30173797.73,289932.85,192030.05,0.00,1761599.63,0.00,0.00,0.00
2003-01-01,0.00,0.00,0.00,4391.17,8.75,16.19,0.00,318.06,0.00,0.00,0.00,0.00,0.00,0.00,0.00,0.00,5667832.50,4750.09,11478.15,0.00,27.77,0.00,0.00,0.00,30453392.15,465663.00,682252.49,0.00,3980101.94,0.00,0.00,0.00
2003-02-01,0.00,0.00,0.00,4027.50,0.00,4.91,0.00,342.42,0.00,0.00,0.00,0.00,0.00,0.00,0.00,0.00,5201767.90,0.00,3503.11,0.00,19.23,0.00,0.00,0.00,16664664.58,0.00,26962.95,0.00,1570657.45,0.00,0.00,0.00
2003-03-01,0.00,0.00,0.00,4107.29,2.95,4.46,0.00,389.51,0.00,0.00,0.00,0.00,0.00,0.00,0.00,0.00,5333226.21,1601.72,3273.13,0.00,25.18,0.00,0.00,0.00,21711399.32,51649.64,214083.16,0.00,2397656.05,0.00,0.00,0.00
2003-04-01,0.00,0.00,0.00,4287.73,0.00,0.74,0.00,330.07,0.00,0.00,0.00,0.00,0.00,0.00,0.00,0.00,5527413.39,0.00,412.18,0.00,16.95,0.00,0.00,0.00,16011498.09,0.00,2213.16,0.00,1312571.38,0.00,0.00,0.00
2003-05-01,0.00,0.00,0.00,4335.49,11.08,6.72,0.00,272.93,0.00,0.00,0.00,0.00,0.00,0.00,0.00,0.00,5579380.36,6019.05,4894.94,0.00,22.45,0.00,0.00,0.00,22557932.41,64027.85,84143.25,0.00,1605876.99,0.00,0.00,0.00
2003-06-01,0.00,0.00,0.00,4208.56,58.86,23.08,0.00,243.93,0.00,0.00,0.00,0.00,0.00,0.00,0.00,0.00,5444201.09,31963.45,17393.93,0.00,46.73,0.00,0.00,0.00,34385029.87,1477661.39,2251017.79,0.00,4765439.99,0.00,0.00,0.00
2003-07-01,0.00,0.00,0.00,4379.11,40.26,16.96,0.00,288.47,0.00,0.00,0.00,0.00,0.00,0.00,0.00,0.00,5649110.59,21861.22,12622.75,0.00,26.89,0.00,0.00,0.00,27699693.18,575398.64,555456.01,0.00,2401410.32,0.00,0.00,0.00
2003-08-01,0.00,0.00,0.00,4312.12,28.35,7.30,0.00,329.12,0.00,0.00,0.00,0.00,0.00,0.00,0.00,0.00,5582469.59,15395.60,4900.45,0.00,20.75,0.00,0.00,0.00,21217926.98,199536.21,56331.12,0.00,1896339.84,0.00,0.00,0.00
2003-09-01,0.00,0.00,0.00,3922.99,11.81,5.83,0.00,297.32,0.00,0.00,0.00,0.00,0.00,0.00,0.00,0.00,5068123.19,6413.85,3844.44,0.00,21.83,0.00,0.00,0.00,19145790.93,176229.49,47735.47,0.00,1836721.69,0.00,0.00,0.00
2003-10-01,0.00,0.00,0.00,3993.79,0.00,20.19,0.00,194.21,0.00,0.00,0.00,0.00,0.00,0.00,0.00,0.00,5184533.02,0.00,15500.54,0.00,21.00,0.00,0.00,0.00,17933769.69,0.00,178916.86,0.00,1177031.27,0.00,0.00,0.00
2003-11-01,0.00,0.00,0.00,3666.11,36.71,13.24,0.00,128.22,0.00,0.00,0.00,0.00,0.00,0.00,0.00,0.00,4759992.44,19935.20,9992.30,0.00,22.60,0.00,0.00,0.00,18696493.03,202116.37,70447.53,0.00,750697.98,0.00,0.00,0.00
2003-12-01,0.00,0.00,0.00,4054.45,87.49,33.19,0.00,153.92,0.00,0.00,0.00,0.00,0.00,0.00,0.00,0.00,5229009.24,47505.41,24682.08,0.00,23.89,0.00,0.00,0.00,20865749.31,656563.72,269743.98,0.00,1100057.47,0.00,0.00,0.00
2004-01-01,0.00,0.00,0.00,4381.32,61.78,12.88,0.00,133.63,0.00,0.00,0.00,0.00,0.00,0.00,0.00,0.00,5626120.90,33545.70,8648.14,0.00,23.06,0.00,0.00,0.00,23730248.25,683454.46,181648.42,0.00,962237.29,0.00,0.00,0.00
2004-02-01,0.00,0.00,0.00,4277.43,76.42,36.66,0.00,169.85,0.00,0.00,0.00,0.00,0.00,0.00,0.00,0.00,5527569.30,41493.57,28242.48,0.00,43.80,0.00,0.00,0.00,37732201.73,1278388.51,1290409.53,0.00,2868807.01,0.00,0.00,0.00
2004-03-01,0.00,0.00,0.00,4597.51,38.62,4.88,0.00,140.85,0.00,0.00,0.00,0.00,0.00,0.00,0.00,0.00,5917758.57,20971.35,3287.43,0.00,23.91,0.00,0.00,0.00,27182904.93,289937.73,42629.07,0.00,954112.19,0.00,0.00,0.00
2004-04-01,0.00,0.00,0.00,4011.50,120.48,25.32,0.00,137.67,0.00,0.00,0.00,0.00,0.00,0.00,0.00,0.00,5157942.40,65419.57,19195.14,0.00,28.76,0.00,0.00,0.00,26144954.58,1240215.95,401696.20,0.00,1289710.06,0.00,0.00,0.00
2004-05-01,0.00,0.00,0.00,4404.88,170.71,35.79,0.00,161.40,0.00,0.00,0.00,0.00,0.00,0.00,0.00,0.00,5656108.92,92696.41,26823.44,0.00,31.81,0.00,0.00,0.00,33140669.94,1461297.09,377694.72,0.00,1508052.64,0.00,0.00,0.00
2004-06-01,0.00,0.00,0.00,4455.24,114.30,27.71,0.00,190.85,0.00,0.00,0.00,0.00,0.00,0.00,0.00,0.00,5747284.39,62066.42,20860.15,0.00,31.17,0.00,0.00,0.00,32974290.72,1062594.46,375053.04,0.00,1874072.56,0.00,0.00,0.00
2004-07-01,0.00,0.00,0.00,4569.05,92.41,11.18,0.00,171.79,0.00,0.00,0.00,0.00,0.00,0.00,0.00,0.00,5883411.19,50177.00,7816.28,0.00,34.80,0.00,0.00,0.00,34542551.68,979377.11,428145.75,0.00,2514562.62,0.00,0.00,0.00
2004-08-01,0.00,0.00,0.00,4657.49,50.53,3.49,0.00,169.56,0.00,0.00,0.00,0.00,0.00,0.00,0.00,0.00,6010481.23,27439.55,2055.86,0.00,24.28,0.00,0.00,0.00,27432482.92,415576.51,22841.98,0.00,1161636.34,0.00,0.00,0.00
2004-09-01,0.00,0.00,0.00,4154.69,113.26,10.08,0.00,292.39,0.00,0.00,0.00,0.00,0.00,0.00,0.00,0.00,5340865.88,61499.82,7238.75,0.00,27.29,0.00,0.00,0.00,28136977.87,1304146.65,170382.36,0.00,2412998.09,0.00,0.00,0.00
2004-10-01,0.00,0.00,0.00,3979.88,106.66,82.69,0.00,323.38,0.00,0.00,0.00,0.00,0.00,0.00,0.00,0.00,5145422.07,57914.80,61820.88,0.00,45.60,0.00,0.00,0.00,36491123.35,1357729.60,1604823.65,0.00,3638791.28,0.00,0.00,0.00
2004-11-01,0.00,0.00,0.00,3983.72,175.42,56.90,0.00,255.50,0.00,0.00,0.00,0.00,0.00,0.00,0.00,0.00,5150196.60,95252.09,43486.20,0.00,36.69,0.00,0.00,0.00,34121264.32,1781134.34,725360.80,0.00,2918066.12,0.00,0.00,0.00
2004-12-01,0.00,0.00,0.00,4211.86,152.68,20.39,0.00,131.32,0.00,0.00,0.00,0.00,0.00,0.00,0.00,0.00,5417147.99,82902.64,14709.22,0.00,29.53,0.00,0.00,0.00,36084971.82,2312635.98,565237.68,0.00,1599902.35,0.00,0.00,0.00
2005-01-01,0.00,0.00,0.00,4382.71,42.25,7.72,0.00,185.67,0.00,0.00,0.00,0.00,0.00,0.00,0.00,0.00,5646779.96,22940.20,5032.74,0.00,25.76,0.00,0.00,0.00,25626987.03,395077.99,91970.47,0.00,1215175.35,0.00,0.00,0.00
2005-02-01,0.00,0.00,0.00,3922.62,35.27,4.18,0.00,172.08,0.00,0.00,0.00,0.00,0.00,0.00,0.00,0.00,5081097.65,19153.36,3004.71,0.00,25.80,0.00,0.00,0.00,31425074.97,232422.76,24074.99,0.00,1236708.80,0.00,0.00,0.00
2005-03-01,0.00,0.00,0.00,4277.60,3.36,1.02,0.00,327.26,0.00,0.00,0.00,0.00,0.00,0.00,0.00,0.00,5524871.25,1826.79,657.50,0.00,21.04,0.00,0.00,0.00,20926499.44,9585.87,6535.04,0.00,1754933.47,0.00,0.00,0.00
2005-04-01,0.00,0.00,0.00,3677.70,140.87,13.34,0.00,311.51,0.00,0.00,0.00,0.00,0.00,0.00,0.00,0.00,4753953.13,76492.86,8599.91,0.00,4.73,0.00,0.00,0.00,17336417.43,861705.84,90127.29,0.00,1817370.31,0.00,0.00,0.00
2005-05-01,0.00,0.00,0.00,4318.29,42.71,5.44,0.00,260.62,0.00,0.00,0.00,0.00,0.00,0.00,0.00,0.00,5530676.09,23189.16,3536.15,0.00,4.29,0.00,0.00,0.00,18687955.14,246633.31,32682.66,0.00,1495698.27,0.00,0.00,0.00
2005-06-01,0.00,0.00,0.00,4400.14,27.22,5.31,0.00,202.89,0.00,0.00,0.00,0.00,0.00,0.00,0.00,0.00,5654294.59,14780.06,3627.37,0.00,4.03,0.00,0.00,0.00,17920271.05,156322.61,43918.30,0.00,1088651.47,0.00,0.00,0.00
2005-07-01,0.00,0.00,0.00,4306.74,39.82,9.47,0.00,183.86,0.00,0.00,0.00,0.00,0.00,0.00,0.00,0.00,5564121.22,21623.26,6071.52,0.00,4.37,0.00,0.00,0.00,18947890.79,252002.50,82004.13,0.00,1180811.86,0.00,0.00,0.00
2005-08-01,0.00,0.00,0.00,4283.98,26.81,18.64,0.00,209.78,0.00,0.00,0.00,0.00,0.00,0.00,0.00,0.00,5558579.22,14560.01,12724.93,0.00,4.23,0.00,0.00,0.00,18064363.62,154510.68,141718.54,0.00,1202737.28,0.00,0.00,0.00
2005-09-01,0.00,0.00,0.00,4018.50,41.11,14.53,0.00,283.03,0.00,0.00,0.00,0.00,0.00,0.00,0.00,0.00,5179653.82,22323.96,10323.97,0.00,5.39,0.00,0.00,0.00,22297503.43,274718.49,161397.40,0.00,1904286.51,0.00,0.00,0.00
2005-10-01,0.00,0.00,0.00,4104.26,18.97,4.38,0.00,228.66,0.00,0.00,0.00,0.00,0.00,0.00,0.00,0.00,5238999.61,10301.98,2751.62,0.00,3.73,0.00,0.00,0.00,15475011.10,107292.27,21553.83,0.00,1058119.80,0.00,0.00,0.00
2005-11-01,0.00,0.00,0.00,4013.64,1.72,13.21,0.00,206.57,0.00,0.00,0.00,0.00,0.00,0.00,0.00,0.00,5172146.97,931.56,9052.45,0.00,3.84,0.00,0.00,0.00,15280591.23,9900.68,54470.36,0.00,1020959.29,0.00,0.00,0.00
2005-12-01,0.00,0.00,0.00,4484.13,34.71,6.39,0.00,284.56,0.00,0.00,0.00,0.00,0.00,0.00,0.00,0.00,5756443.31,18849.64,4339.70,0.00,5.82,0.00,0.00,0.00,27687214.50,927409.08,477583.95,0.00,4108547.31,0.00,0.00,0.00
2006-01-01,0.00,0.00,0.00,4367.57,51.24,26.87,0.00,258.26,0.00,0.00,0.00,0.00,0.00,0.00,0.00,0.00,5609637.35,27825.63,19906.99,0.00,8.95,0.00,0.00,0.00,40506670.51,1763055.03,1823856.83,0.00,3843094.07,0.00,0.00,0.00
2006-02-01,0.00,0.00,0.00,4025.26,18.91,9.89,0.00,272.23,0.00,0.00,0.00,0.00,0.00,0.00,0.00,0.00,5183137.91,10268.12,6978.78,0.00,9.23,0.00,0.00,0.00,39671681.67,1012312.84,1237802.34,0.00,4295102.30,0.00,0.00,0.00
2006-03-01,0.00,0.00,0.00,4496.08,31.59,5.20,0.00,168.73,0.00,0.00,0.00,0.00,0.00,0.00,0.00,0.00,5765922.20,17153.75,3114.90,0.00,4.00,0.00,0.00,0.00,18250041.98,167542.44,36610.15,0.00,842651.82,0.00,0.00,0.00
2006-04-01,0.00,0.00,0.00,4113.73,26.99,4.78,0.00,106.21,0.00,0.00,0.00,0.00,0.00,0.00,0.00,0.00,5267877.22,14653.66,3541.12,0.00,3.80,0.00,0.00,0.00,15681768.25,137819.70,32975.74,0.00,551330.70,0.00,0.00,0.00
2006-05-01,0.00,0.00,0.00,4453.07,56.57,11.50,0.00,185.64,0.00,0.00,0.00,0.00,0.00,0.00,0.00,0.00,5713543.46,30718.63,8359.25,0.00,4.90,0.00,0.00,0.00,21611445.89,518109.59,283840.95,0.00,1756599.83,0.00,0.00,0.00
2006-06-01,0.00,0.00,0.00,4296.83,89.03,19.96,0.00,323.39,0.00,0.00,0.00,0.00,0.00,0.00,0.00,0.00,5498564.57,48343.71,13037.00,0.00,5.50,0.00,0.00,0.00,23661569.44,597302.32,193832.37,0.00,2277319.44,0.00,0.00,0.00
2006-07-01,0.00,0.00,0.00,4460.87,34.33,21.68,0.00,313.99,0.00,0.00,0.00,0.00,0.00,0.00,0.00,0.00,5730520.14,18641.02,13510.60,0.00,7.45,0.00,0.00,0.00,31422357.16,834624.85,645016.50,0.00,4458573.60,0.00,0.00,0.00
2006-08-01,0.00,0.00,0.00,4327.11,99.73,8.57,0.00,313.89,0.00,0.00,0.00,0.00,0.00,0.00,0.00,0.00,5593205.09,54155.31,5001.77,0.00,4.89,0.00,0.00,0.00,21170438.46,579341.08,61124.90,0.00,1797707.81,0.00,0.00,0.00
2006-09-01,0.00,0.00,0.00,3997.42,38.99,15.04,0.00,310.34,0.00,0.00,0.00,0.00,0.00,0.00,0.00,0.00,5149930.43,21169.97,10508.79,0.00,4.78,0.00,0.00,0.00,19158124.18,251893.11,96787.78,0.00,1817644.89,0.00,0.00,0.00
2006-10-01,0.00,0.00,0.00,4121.89,67.20,6.94,0.00,255.03,0.00,0.00,0.00,0.00,0.00,0.00,0.00,0.00,5344014.33,36490.41,4570.64,0.00,4.98,0.00,0.00,0.00,20868059.44,412780.97,50268.21,0.00,1533910.46,0.00,0.00,0.00
2006-11-01,0.00,0.00,0.00,4126.40,83.49,35.34,0.00,193.59,0.00,0.00,0.00,0.00,0.00,0.00,0.00,0.00,5328226.42,45337.34,27326.94,0.00,5.43,0.00,0.00,0.00,22620248.28,710967.89,396119.03,0.00,1345934.96,0.00,0.00,0.00
2006-12-01,0.00,0.00,0.00,4588.30,45.41,17.49,0.00,76.33,0.00,0.00,0.00,0.00,0.00,0.00,0.00,0.00,5913667.23,24659.84,13176.33,0.00,3.78,0.00,0.00,0.00,17320377.16,287336.04,99986.45,0.00,371292.58,0.00,0.00,0.00
2007-01-01,0.00,0.00,0.00,4330.46,22.71,170.24,0.00,112.26,0.00,0.00,0.00,0.00,0.00,0.00,0.00,0.00,5575907.98,12331.01,137470.45,0.00,15.24,0.00,0.00,0.00,64075701.89,241121.86,7768528.08,0.00,7158794.06,0.00,0.00,0.00
2007-02-01,0.00,0.00,0.00,4097.46,28.45,227.19,0.00,96.61,0.00,0.00,0.00,0.00,0.00,0.00,0.00,0.00,5282315.96,15446.61,188453.68,0.00,8.58,0.00,0.00,0.00,36572021.50,397303.00,2927460.48,0.00,1971029.38,0.00,0.00,0.00
2007-03-01,0.00,0.00,0.00,4341.54,65.21,175.02,0.00,162.16,0.00,0.00,0.00,0.00,0.00,0.00,0.00,0.00,5580895.38,35408.41,140835.16,0.00,9.28,0.00,0.00,0.00,41449006.60,490831.95,2645414.01,0.00,3012455.93,0.00,0.00,0.00
2007-04-01,0.00,0.00,0.00,3871.11,307.17,195.29,0.00,206.08,0.00,0.00,0.00,0.00,0.00,0.00,0.00,0.00,5034218.70,166794.84,149594.25,0.00,10.68,0.00,0.00,0.00,41213004.34,3421289.20,2427955.11,0.00,2827611.39,0.00,0.00,0.00
2007-05-01,0.00,0.00,0.00,3906.94,277.15,192.64,0.00,144.68,0.00,0.00,0.00,0.00,0.00,0.00,0.00,0.00,5041355.69,150494.47,148515.48,0.00,9.59,0.00,0.00,0.00,38075975.59,2824980.93,2146464.18,0.00,1816693.18,0.00,0.00,0.00
2007-06-01,0.00,0.00,0.00,4127.22,224.69,235.27,0.00,284.14,0.00,0.00,0.00,0.00,0.00,0.00,0.00,0.00,5314186.11,122007.30,179306.23,0.00,24.31,0.00,0.00,0.00,98698697.69,6513187.00,9117863.74,0.00,12645057.76,0.00,0.00,0.00
2007-07-01,0.00,0.00,0.00,4431.98,126.53,154.46,0.00,174.03,0.00,0.00,0.00,0.00,0.00,0.00,0.00,0.00,5727062.70,68703.20,116897.91,0.00,11.52,0.00,0.00,0.00,51086092.99,1449015.17,2168692.47,0.00,3368516.60,0.00,0.00,0.00
2007-08-01,0.00,0.00,0.00,4506.55,128.99,53.79,0.00,95.16,0.00,0.00,0.00,0.00,0.00,0.00,0.00,0.00,5812524.01,70043.97,38867.03,0.00,7.11,0.00,0.00,0.00,32199609.15,1085864.04,527067.34,0.00,861871.84,0.00,0.00,0.00
2007-09-01,0.00,0.00,0.00,4245.43,162.55,38.04,0.00,143.77,0.00,0.00,0.00,0.00,0.00,0.00,0.00,0.00,5475301.29,88262.23,27331.89,0.00,7.87,0.00,0.00,0.00,33252765.83,1493710.67,397969.05,0.00,1462834.58,0.00,0.00,0.00
2007-10-01,0.00,0.00,0.00,4334.79,53.86,59.32,0.00,51.20,0.00,0.00,0.00,0.00,0.00,0.00,0.00,0.00,5579574.18,29246.14,47634.91,0.00,6.70,0.00,0.00,0.00,29544905.58,417128.39,589386.16,0.00,573147.66,0.00,0.00,0.00
2007-11-01,0.00,0.00,0.00,3944.05,209.48,119.07,0.00,78.09,0.00,0.00,0.00,0.00,0.00,0.00,0.00,0.00,5079750.31,113745.07,94277.38,0.00,8.40,0.00,0.00,0.00,34353919.80,2081809.61,1675687.17,0.00,1066299.46,0.00,0.00,0.00
2007-12-01,0.00,0.00,0.00,3938.39,207.07,127.61,0.00,91.05,0.00,0.00,0.00,0.00,0.00,0.00,0.00,0.00,5039757.97,112440.76,101009.85,0.00,7.52,0.00,0.00,0.00,28857663.96,2058792.72,1660385.72,0.00,1364945.83,0.00,0.00,0.00
2008-01-01,0.00,0.00,0.00,4259.83,158.59,84.58,0.00,97.23,0.00,0.00,0.00,0.00,0.00,0.00,0.00,0.00,5457996.55,86114.53,67082.92,0.00,5.75,0.00,0.00,0.00,25079231.42,1181486.46,716004.88,0.00,799261.53,0.00,0.00,0.00
2008-02-01,0.00,0.00,0.00,4238.51,40.47,18.97,0.00,101.57,0.00,0.00,0.00,0.00,0.00,0.00,0.00,0.00,5431751.68,21972.80,14251.67,0.00,6.34,0.00,0.00,0.00,27149995.06,480173.10,501589.58,0.00,897026.05,0.00,0.00,0.00
2008-03-01,0.00,0.00,0.00,4349.66,98.18,58.80,0.00,183.19,0.00,0.00,0.00,0.00,0.00,0.00,0.00,0.00,5579107.55,53311.71,45093.39,0.00,9.06,0.00,0.00,0.00,38935945.11,1869757.23,2810892.95,0.00,3295944.88,0.00,0.00,0.00
2008-04-01,0.00,0.00,0.00,3862.41,167.90,44.20,0.00,191.98,0.00,0.00,0.00,0.00,0.00,0.00,0.00,0.00,4936410.70,91168.44,33004.48,0.00,7.27,0.00,0.00,0.00,28167522.15,1517319.40,456276.53,0.00,1894325.31,0.00,0.00,0.00
2008-05-01,0.00,0.00,0.00,3972.11,238.13,103.14,0.00,210.05,0.00,0.00,0.00,0.00,0.00,0.00,0.00,0.00,5110383.07,129304.70,71951.75,0.00,8.07,0.00,0.00,0.00,32293991.58,2205996.11,1126210.08,0.00,2225494.38,0.00,0.00,0.00
2008-06-01,0.00,0.00,0.00,4295.86,155.20,71.97,0.00,171.97,0.00,0.00,0.00,0.00,0.00,0.00,0.00,0.00,5521007.05,84271.12,49832.91,0.00,6.49,0.00,0.00,0.00,28188114.32,1218160.37,662987.92,0.00,1597831.14,0.00,0.00,0.00
2008-07-01,0.00,0.00,0.00,4535.18,156.14,40.05,0.00,170.90,0.00,0.00,0.00,0.00,0.00,0.00,0.00,0.00,5806529.18,84783.47,27409.15,0.00,7.78,0.00,0.00,0.00,33386324.41,1720961.35,1141641.77,0.00,2637751.02,0.00,0.00,0.00
2008-08-01,0.00,0.00,0.00,4585.83,211.48,94.74,0.00,169.81,0.00,0.00,0.00,0.00,0.00,0.00,0.00,0.00,5937224.51,114834.57,71868.54,0.00,6.30,0.00,0.00,0.00,28921507.61,1595710.89,829348.77,0.00,1351523.14,0.00,0.00,0.00
2008-09-01,0.00,0.00,0.00,4151.66,91.45,88.64,0.00,204.46,0.00,0.00,0.00,0.00,0.00,0.00,0.00,0.00,5366857.88,49659.89,66104.77,0.00,5.85,0.00,0.00,0.00,24102207.16,634476.29,774662.88,0.00,1632597.34,0.00,0.00,0.00
2008-10-01,0.00,0.00,0.00,4261.30,0.00,169.26,0.00,134.96,0.00,0.00,0.00,0.00,0.00,0.00,0.00,0.00,5531689.16,0.00,129531.20,0.00,7.21,0.00,0.00,0.00,31249940.22,0.00,1599156.39,0.00,1294644.21,0.00,0.00,0.00
2008-11-01,0.00,0.00,0.00,4165.82,0.00,102.45,0.00,67.49,0.00,0.00,0.00,0.00,0.00,0.00,0.00,0.00,5396295.55,0.00,80398.75,0.00,5.55,0.00,0.00,0.00,23267180.97,0.00,791032.01,0.00,517484.92,0.00,0.00,0.00
2008-12-01,0.00,0.00,0.00,4639.38,16.86,43.90,0.00,36.55,0.00,0.00,0.00,0.00,0.00,0.00,0.00,0.00,5996030.33,9156.88,34548.43,0.00,4.42,0.00,0.00,0.00,20520799.19,129359.99,287280.23,0.00,197374.49,0.00,0.00,0.00
2009-01-01,0.00,0.00,0.00,4231.77,128.53,134.60,0.00,248.01,0.00,0.00,0.00,0.00,0.00,0.00,0.00,0.00,5498234.10,69790.94,107686.21,1196.67,21.97,0.00,0.00,0.00,92211091.57,6539300.61,13529463.71,0.00,20978893.14,0.00,0.00,0.00
2009-02-01,0.00,0.00,0.00,3992.10,114.22,68.18,0.00,205.41,0.00,0.00,0.00,0.00,0.00,0.00,0.00,0.00,5166629.75,62023.17,52658.64,1205.80,5.29,0.00,0.00,0.00,22793129.50,1094992.54,1056250.93,0.00,2410502.13,0.00,0.00,0.00
2009-03-01,0.00,0.00,0.00,4513.64,72.54,8.73,0.00,125.52,0.00,0.00,0.00,0.00,0.00,0.00,0.00,0.00,5845236.36,39391.80,6064.30,1247.91,4.15,0.00,0.00,0.00,19051734.98,449145.09,52784.71,0.00,760912.45,0.00,0.00,0.00
2009-04-01,0.00,0.00,0.00,4053.57,109.57,48.17,0.00,144.87,0.00,0.00,0.00,0.00,0.00,0.00,0.00,0.00,5251619.36,59497.35,35993.30,1227.48,6.19,0.00,0.00,0.00,25299119.94,961906.82,521714.80,0.00,1339693.80,0.00,0.00,0.00
2009-05-01,0.00,0.00,0.00,4367.73,111.54,21.24,0.00,182.45,0.00,0.00,0.00,0.00,0.00,0.00,0.00,0.00,5615460.43,60564.01,13904.86,1215.03,5.22,0.00,0.00,0.00,22779039.44,752141.07,152139.04,0.00,1231129.75,0.00,0.00,0.00
2009-06-01,0.00,-8.97,2.28,4435.92,82.12,49.45,0.00,214.08,0.00,0.00,0.00,0.00,0.00,0.00,11133.84,1117.17,5736612.75,44590.86,33398.98,1215.65,5.03,0.00,0.00,0.00,22144140.44,610707.65,380878.06,0.00,1494018.47,0.00,0.00,0.00
2009-07-01,0.00,-354.58,178.38,4382.51,134.93,54.14,0.00,195.77,91.44,0.00,0.00,0.00,0.00,0.00,429711.04,93973.46,5671284.85,73266.79,38422.63,1163.29,26.91,0.00,0.00,0.00,117947029.03,4612991.71,2124120.40,0.00,7007310.28,2276486.94,0.00,0.00
2009-08-01,0.00,-455.18,272.37,4361.10,61.26,10.06,0.00,143.98,135.18,0.00,0.00,0.00,0.00,0.00,555756.43,79984.58,5629636.16,33264.11,7278.52,1146.98,22.50,0.00,0.00,0.00,98832980.48,1749642.95,319598.34,0.00,4300192.84,2871621.81,0.00,0.00
2009-09-01,0.00,-462.00,249.07,4094.65,61.33,15.33,0.00,166.67,121.01,0.00,0.00,0.00,0.00,0.00,563575.27,43372.43,5296123.90,33302.82,12207.12,1135.50,22.81,0.00,0.00,0.00,94176893.90,1764008.48,436636.49,0.00,4975664.78,2707364.06,0.00,0.00
2009-10-01,0.00,-579.57,73.09,4482.86,27.00,19.49,0.00,208.59,101.64,0.00,0.00,0.00,0.00,0.00,702922.29,35183.99,5743856.72,14662.01,14537.99,1178.22,25.40,0.00,0.00,0.00,115010759.82,909941.95,755804.34,0.00,6591476.89,2608092.81,0.00,0.00
2009-11-01,0.00,-483.72,147.77,4255.91,128.35,104.38,0.00,215.56,71.79,0.00,0.00,0.00,0.00,0.00,574602.88,102553.41,5447066.20,69696.75,85103.74,1155.35,31.80,0.00,0.00,0.00,141606571.04,6332595.38,7188929.28,0.00,12990987.64,1965521.61,0.00,0.00
2009-12-01,0.00,-667.40,138.73,4480.66,76.61,46.93,0.00,112.32,91.87,0.00,0.00,0.00,0.00,0.00,825283.37,92922.19,5741444.86,41600.33,39005.77,1189.26,23.33,0.00,0.00,0.00,105340166.72,2713344.71,1991985.32,0.00,4539753.70,2178754.51,0.00,0.00
2010-01-01,0.00,-717.02,115.87,4573.04,26.87,91.48,0.00,191.95,90.83,0.00,0.00,0.00,0.00,0.00,875884.83,69839.79,5870118.10,14589.97,75595.55,1178.65,87.46,0.00,0.00,0.00,269630722.11,12313892.05,27885581.60,0.00,58238563.93,6830785.83,0.00,0.00
2010-02-01,0.00,-484.56,180.71,4042.37,35.38,74.26,0.00,247.59,94.39,0.00,0.00,0.00,0.00,0.00,587373.53,124435.82,5211446.27,19213.00,61869.55,1152.61,89.18,0.00,0.00,0.00,272693300.72,9027795.01,29170513.99,0.00,56965325.97,4489318.84,0.00,0.00
2010-03-01,0.00,-651.19,87.62,4579.70,25.96,5.04,0.00,256.50,73.79,0.00,0.00,0.00,0.00,0.00,802140.16,65751.65,5944149.37,14097.76,3640.20,1193.74,23.71,0.00,0.00,0.00,105091112.93,902861.25,148561.12,0.00,7545488.21,1593160.36,0.00,0.00
2010-04-01,0.00,-400.41,136.27,3922.22,22.05,33.29,0.00,251.48,83.45,0.00,0.00,0.00,0.00,0.00,489283.26,105152.93,5048057.19,11972.25,26833.09,1161.64,83.05,0.00,0.00,0.00,246722194.42,7137751.12,23060152.08,0.00,65037509.26,3929430.09,0.00,0.00
2010-05-01,0.00,-280.66,345.65,3949.24,25.50,36.49,0.00,265.10,72.24,0.00,0.00,0.00,0.00,0.00,341071.98,259626.45,5084062.84,13845.85,27158.13,1142.76,31.47,0.00,0.00,0.00,119110974.97,1132755.82,1643393.12,0.00,10367711.96,1927752.95,0.00,0.00
2010-06-01,0.00,-330.04,231.70,4278.53,10.77,32.19,0.00,294.21,86.73,0.00,0.00,0.00,0.00,0.00,397571.58,144553.36,5502927.11,5845.57,23461.55,1146.64,32.63,0.00,0.00,0.00,129405039.24,654299.34,1627557.59,0.00,11444505.49,2550966.73,0.00,0.00
2010-07-01,0.00,-384.95,212.17,4589.52,39.43,19.81,0.00,245.32,67.39,0.00,0.00,0.00,0.00,0.00,469681.17,84629.66,5907065.59,21411.01,13903.21,1160.51,27.38,0.00,0.00,0.00,122866967.85,1423284.05,583431.69,0.00,7513272.60,1576101.45,0.00,0.00
2010-08-01,0.00,-342.95,287.44,4436.67,35.89,18.87,0.00,200.23,134.82,0.00,0.00,0.00,0.00,0.00,420468.50,98784.56,5742504.73,19486.12,13232.56,1143.07,27.76,0.00,0.00,0.00,120433140.16,1403670.13,796193.31,0.00,6061005.89,3533314.03,0.00,0.00
2010-09-01,0.00,-495.13,272.73,4215.14,9.37,7.56,0.00,270.01,104.87,0.00,0.00,0.00,0.00,0.00,595268.55,43833.03,5461081.26,5086.76,5329.70,1122.14,22.57,0.00,0.00,0.00,93824688.73,233043.09,182746.75,0.00,6686448.63,2243537.33,0.00,0.00
2010-10-01,0.00,-739.80,187.77,4314.85,0.10,47.42,0.00,333.85,98.94,0.00,0.00,0.00,0.00,0.00,869719.55,32384.25,5556203.58,54.93,40309.23,1121.63,21.35,0.00,0.00,0.00,85124860.02,2111.11,711713.54,0.00,7292908.50,1868817.32,0.00,0.00
2010-11-01,0.00,-813.27,144.80,4208.60,19.76,30.98,0.00,475.31,91.84,0.00,0.00,0.00,0.00,0.00,922143.74,22099.45,5399401.99,10727.60,25818.75,1090.88,18.89,0.00,0.00,0.00,77625382.36,481814.24,686918.65,0.00,9631460.29,1622315.56,0.00,0.00
2010-12-01,0.00,-939.30,147.50,4277.39,4.79,24.73,0.00,533.05,97.93,0.00,0.00,0.00,0.00,0.00,1058342.28,37739.90,5472538.43,2600.39,19344.05,1079.06,17.16,0.00,0.00,0.00,71761218.18,139924.14,497071.29,0.00,9919191.15,1539751.72,0.00,0.00
2011-01-01,0.00,-624.78,197.24,4349.92,60.87,99.92,0.00,169.34,81.87,0.00,0.00,0.00,0.00,0.00,751953.12,54056.82,5551451.75,33050.68,81923.01,1146.31,49.47,0.00,0.00,0.00,172624123.23,3071355.72,18026022.68,0.00,30119552.16,2571436.92,0.00,0.00
2011-02-01,0.00,-580.40,194.00,3877.44,59.88,85.70,0.00,285.53,72.16,0.00,0.00,0.00,0.00,0.00,682541.52,70983.87,4961636.71,32513.20,71137.97,1115.02,48.48,0.00,0.00,0.00,155290307.20,6185260.44,12868814.89,0.00,25074153.45,3923674.26,0.00,0.00
2011-03-01,0.00,-539.43,146.48,4307.05,3.46,69.06,0.00,172.49,94.57,0.00,0.00,0.00,0.00,0.00,661394.56,63093.86,5543124.25,1881.20,59728.89,1176.97,25.56,0.00,0.00,0.00,107795201.27,104271.15,1973854.85,0.00,5119696.08,2292321.50,0.00,0.00
2011-04-01,0.00,-465.61,111.09,4109.48,0.14,19.08,0.00,133.77,72.44,0.00,0.00,0.00,0.00,0.00,580132.30,49840.51,5293072.46,77.00,16260.91,1200.67,26.06,0.00,0.00,0.00,105297127.13,3617.29,557047.37,0.00,3968485.97,1811998.38,0.00,0.00
2011-05-01,0.00,-296.82,295.39,4042.58,11.14,43.03,0.00,337.54,83.42,0.00,0.00,0.00,0.00,0.00,359873.87,207530.06,5247170.94,6051.07,33742.93,1136.91,35.37,0.00,0.00,0.00,139838252.86,404124.95,2219643.60,0.00,14544854.14,2674922.43,0.00,0.00
2011-06-01,0.00,-349.78,266.26,4192.85,0.11,7.00,0.00,281.06,127.55,0.00,0.00,0.00,0.00,0.00,426407.45,146852.07,5450278.74,61.86,4234.05,1143.64,28.96,0.00,0.00,0.00,117548012.51,3193.61,273451.60,0.00,9970763.49,3511724.62,0.00,0.00
2011-07-01,0.00,-388.52,286.36,4357.70,49.77,26.82,0.00,216.79,137.37,0.00,0.00,0.00,0.00,0.00,472585.64,127034.93,5650888.90,27024.80,18417.75,1141.80,30.80,0.00,0.00,0.00,128378929.63,2228557.80,1306653.04,0.00,8496396.36,3887153.91,0.00,0.00
2011-08-01,0.00,-389.82,221.03,4361.43,26.45,12.86,0.00,182.67,87.54,0.00,0.00,0.00,0.00,0.00,483491.57,118059.04,5641239.76,14362.32,8358.26,1176.89,30.88,0.00,0.00,0.00,130254255.41,1115747.52,501532.81,0.00,6717404.12,2556684.11,0.00,0.00
2011-09-01,0.00,-501.17,176.93,4228.53,9.67,10.18,0.00,157.14,131.78,0.00,0.00,0.00,0.00,0.00,615281.56,51675.66,5481944.81,5252.35,5986.79,1170.07,27.67,0.00,0.00,0.00,114141493.27,342864.80,308238.62,0.00,5052089.18,3424973.79,0.00,0.00
2011-10-01,0.00,-688.31,47.37,4567.40,24.35,31.57,0.00,132.34,113.78,0.00,0.00,0.00,0.00,0.00,853639.91,17873.33,5941469.04,13221.15,20044.84,1215.32,24.33,0.00,0.00,0.00,108093975.24,756424.23,809472.29,0.00,3923341.14,2550363.90,0.00,0.00
2011-11-01,0.00,-726.95,74.12,4338.61,109.03,56.45,0.00,164.02,98.71,0.00,0.00,0.00,0.00,0.00,881878.07,19566.37,5611301.84,59204.47,36206.91,1177.54,27.30,0.00,0.00,0.00,115180003.29,3494169.89,1813740.03,0.00,5136007.39,2496186.38,0.00,0.00
2011-12-01,0.00,-649.14,53.85,4611.97,11.26,37.48,0.00,123.75,113.19,0.00,0.00,0.00,0.00,0.00,790528.92,21280.33,5977882.05,6111.62,21292.23,1217.02,22.91,0.00,43844.27,-344.47,102718540.30,323626.63,898287.19,0.00,3399808.85,2391383.97,0.00,0.00
2012-01-01,0.00,-693.17,78.35,4642.19,28.07,28.37,0.00,114.49,144.68,0.00,0.00,0.00,0.00,0.00,662800.82,21604.72,5991562.00,15240.32,17290.44,1239.45,25.41,0.00,578929.71,-162176.29,112365259.28,1112124.90,928774.70,0.00,3921196.27,3346396.79,0.00,0.00
2012-02-01,0.00,-544.11,66.68,4401.36,24.95,8.21,0.00,76.45,97.29,0.00,0.00,0.00,0.00,0.00,507167.83,8642.91,5690486.76,13548.51,5080.33,1261.39,26.86,0.00,448921.47,-154936.13,114221840.61,974867.66,352671.65,0.00,2564963.80,2382943.48,0.00,0.00
2012-03-01,0.00,-638.98,117.28,4344.28,26.82,5.93,0.00,204.57,117.65,0.00,0.00,0.00,0.00,0.00,776083.03,32236.44,5617236.45,14563.79,3848.72,1170.97,24.30,0.00,0.00,0.00,102628003.18,824465.02,154709.58,0.00,5300255.03,2674310.64,0.00,0.00
2012-04-01,0.00,-426.30,216.82,3897.03,37.30,26.09,0.00,133.89,81.39,0.00,0.00,0.00,0.00,0.00,526973.60,51108.89,5051614.81,20252.65,15040.73,1162.58,32.81,0.00,0.00,0.00,124911931.66,1477393.33,1040219.44,0.00,5055206.86,2457206.06,0.00,0.00
2012-05-01,0.00,-422.14,116.02,4481.29,2.00,20.51,0.00,176.78,115.35,0.00,0.00,0.00,0.00,0.00,525088.75,40281.24,5818796.42,1088.36,11576.77,1190.84,27.16,0.00,0.00,0.00,118797131.18,59814.17,547307.29,0.00,5828698.76,3029877.71,0.00,0.00
2012-06-01,0.00,-222.16,321.58,3757.40,99.43,70.18,0.00,333.72,124.57,0.00,0.00,0.00,0.00,0.00,262878.40,104510.90,4857643.45,53992.68,40244.83,1068.86,37.72,0.00,0.00,0.00,136189412.69,4467990.95,2966949.75,0.00,14659221.94,4416285.61,0.00,0.00
2012-07-01,0.00,-299.49,366.49,3787.50,29.04,161.93,0.00,421.08,108.74,0.00,0.00,0.00,0.00,0.00,334012.02,99674.58,4837850.28,15767.26,90191.18,1029.33,75.94,0.00,0.00,0.00,274283428.57,2834478.73,15344717.76,0.00,42593606.54,7940468.95,0.00,0.00
2012-08-01,0.00,-402.18,313.83,3917.07,0.27,190.58,0.00,365.75,167.11,0.00,0.00,0.00,0.00,0.00,454387.11,45194.24,5010381.32,148.49,105504.67,1033.92,56.52,0.00,0.00,0.00,218965142.27,15621.19,10670130.90,0.00,22505597.35,9005410.68,0.00,0.00
2012-09-01,0.00,-395.76,362.66,3516.65,0.00,214.24,0.00,245.44,125.02,0.00,0.00,0.00,0.00,0.00,451946.79,52601.95,4517019.38,0.00,118260.71,1041.22,54.45,0.00,0.00,0.00,185098838.44,0.00,10866454.95,0.00,15437356.91,6105250.15,0.00,0.00
2012-10-01,0.00,-475.78,306.82,3742.84,0.00,257.05,0.00,220.77,122.62,0.00,0.00,0.00,0.00,0.00,546521.88,56916.66,4808947.10,0.00,142093.40,1068.78,51.90,0.00,0.00,0.00,192616963.62,0.00,13244786.79,0.00,12068712.42,6196406.63,0.00,0.00
2012-11-01,0.00,-300.29,199.20,3678.22,0.00,171.35,0.00,153.24,129.60,0.00,0.00,0.00,0.00,0.00,352169.70,80782.63,4685801.34,0.10,96088.82,1118.86,93.43,0.00,0.00,0.00,294640570.37,8.84,26240440.74,0.00,43155172.11,8243752.36,0.00,0.00
2012-12-01,0.00,-387.28,191.78,3818.93,3.67,135.23,0.00,71.01,199.29,0.00,0.00,0.00,0.00,0.00,456581.24,76540.16,4872625.16,1990.55,74966.95,1133.14,54.86,0.00,0.00,0.00,201868961.24,191702.49,8449559.53,0.00,5960166.21,10420471.23,0.00,0.00
2013-01-01,0.00,-491.48,199.84,3969.79,2.95,188.97,0.00,178.85,179.46,0.00,0.00,0.00,0.00,0.00,573121.19,45493.93,5096848.99,1603.97,105411.40,1105.91,59.67,0.00,0.00,0.00,211936195.31,854342.08,13437782.41,0.00,18914002.30,9268243.94,0.00,0.00
2013-02-01,0.00,-392.55,203.57,3563.79,29.06,132.64,0.00,319.61,177.67,0.00,0.00,0.00,0.00,0.00,444388.64,42768.39,4615040.94,15782.16,74239.47,1066.85,56.14,0.00,0.00,0.00,191529779.13,2512278.20,8431183.70,0.00,21233202.97,9185152.02,0.00,0.00
2013-03-01,0.00,-569.53,185.78,4104.04,24.73,134.20,0.00,253.90,203.01,0.00,0.00,0.00,0.00,0.00,660931.65,51876.01,5274295.63,13430.60,75540.96,1096.41,55.29,0.00,0.00,0.00,216680102.79,2398285.89,8714910.44,0.00,18611257.76,10165772.87,0.00,0.00
2013-04-01,0.00,-686.79,208.40,3905.14,35.80,61.77,0.00,261.12,158.15,0.00,0.00,0.00,0.00,0.00,784365.75,17845.59,4970534.23,19439.62,35749.42,1080.03,50.67,0.00,0.00,0.00,196214177.27,1790969.24,3362665.67,0.00,14285008.38,7550690.65,0.00,0.00
2013-05-01,0.00,-497.94,224.12,3975.66,14.03,91.99,0.00,323.22,213.40,0.00,0.00,18.30,16.65,14.10,561984.16,34081.27,5086606.64,7617.89,52701.22,1063.20,56.01,0.00,0.00,0.00,219177075.86,913328.16,6051161.00,0.00,20878278.02,10970427.75,0.00,0.00
2013-06-01,0.00,-473.44,274.10,3879.22,45.88,110.39,0.00,329.88,166.88,0.00,0.00,18.30,10.52,1.30,533971.97,83724.81,4972608.92,24911.23,66990.62,1064.94,62.67,0.00,0.00,0.00,234839012.35,4424260.02,9292223.56,0.00,24545760.84,9554692.96,0.00,0.00
2013-07-01,0.00,-380.39,314.43,3779.14,0.00,83.68,0.00,433.82,240.90,0.00,0.00,23.80,11.67,3.00,412688.23,56041.94,4875194.45,0.10,47579.78,1021.14,59.53,0.00,0.00,0.00,222761337.06,11.92,5854764.33,0.00,27744424.55,13077172.32,0.00,0.00
2013-08-01,0.00,-434.09,315.62,3701.88,0.00,159.83,0.00,293.60,348.13,0.00,0.00,23.80,12.38,5.50,474011.52,30720.47,4782834.96,0.00,88587.54,1009.84,54.87,0.00,0.00,0.00,201276387.32,0.00,9262084.69,0.00,17082208.55,18440571.38,0.00,0.00
2013-09-01,0.00,-576.34,319.06,3314.46,1.01,330.82,0.00,292.88,253.24,0.00,0.00,24.30,14.97,3.60,616944.98,8839.70,4266131.26,549.13,182996.60,976.23,49.77,0.00,0.00,0.00,164123802.40,50073.66,16571213.08,0.00,15258302.55,12029833.85,0.00,0.00
2013-10-01,0.00,-455.20,361.49,3543.65,0.00,147.23,0.00,187.16,282.67,0.00,0.00,31.60,14.60,5.80,517747.76,29603.68,4556994.31,0.00,81810.13,1020.57,49.87,0.00,0.00,0.00,175411485.07,0.00,7601604.50,0.00,9843573.63,13784454.33,0.00,0.00
2013-11-01,0.00,-515.47,237.69,3773.45,0.66,67.68,0.00,147.07,196.49,0.00,0.00,32.70,15.91,8.40,601484.78,11497.35,4801114.77,355.74,37280.89,1087.32,47.16,0.00,0.00,0.00,176919460.34,31384.24,3341471.77,0.00,7356218.81,9062855.32,0.00,0.00
2013-12-01,0.00,-646.70,294.14,3831.76,4.23,59.96,0.00,247.46,166.66,0.00,0.00,39.20,18.15,8.20,750817.51,32256.46,4903393.85,2296.75,33985.59,1066.61,53.76,0.00,0.00,0.00,192335125.53,966397.74,5676834.21,0.00,16505954.29,7909680.81,0.00,0.00
2014-01-01,0.00,-537.71,318.93,3991.60,36.56,145.90,0.00,179.53,226.99,0.00,0.00,43.40,21.36,10.30,629651.17,79093.57,5125246.61,19853.83,89229.65,1073.82,91.44,0.00,0.00,0.00,303316522.38,10845365.09,35703486.44,0.00,46655531.42,12752561.53,0.00,0.00
2014-02-01,0.00,-434.36,260.63,3655.65,33.39,128.39,0.00,119.09,175.35,0.00,0.00,40.70,20.68,12.30,510804.87,57394.50,4670652.26,18129.70,72296.88,1093.83,50.83,0.00,0.00,0.00,180891889.94,2274225.45,7689843.10,0.00,6996584.29,8209490.30,0.00,0.00
2014-03-01,0.00,-475.10,205.79,3916.04,1.49,173.09,0.00,90.21,152.82,0.00,0.00,32.90,19.14,10.50,568469.56,39524.70,5049403.84,809.70,95835.33,1136.00,46.67,0.00,0.00,0.00,180495178.94,83268.82,8392722.80,0.00,4638038.12,6798277.81,0.00,0.00
2014-04-01,0.00,-696.51,300.00,3771.96,48.48,184.55,0.00,62.39,180.44,0.00,0.00,33.10,16.53,6.30,831786.38,31906.88,4887350.35,26324.13,101803.07,1094.59,44.40,0.00,0.00,0.00,165997998.45,2457777.90,8308563.59,0.00,3148630.66,7724686.74,0.00,0.00
2014-05-01,0.00,-458.96,406.47,3617.48,68.88,171.83,0.00,176.69,172.59,0.00,0.00,23.70,14.75,4.10,531174.53,56547.04,4630234.22,37399.78,95240.11,1032.07,48.99,0.00,0.00,0.00,174974381.30,3912957.61,8321217.86,0.00,9834947.52,8192800.18,0.00,0.00
2014-06-01,0.00,-461.33,333.70,3624.74,25.38,239.36,0.00,192.85,253.25,0.00,0.00,18.70,12.39,5.60,512137.16,28423.15,4599290.17,13781.88,133181.71,1012.97,49.79,0.00,0.00,0.00,177133453.34,1837344.04,12849968.43,0.00,11308069.40,11396493.04,0.00,0.00
2014-07-01,0.00,-579.70,264.48,3997.09,10.32,231.69,0.00,195.34,326.93,0.00,0.00,19.70,11.13,4.10,647820.03,28136.78,5147922.68,5605.44,129075.39,1048.75,39.70,0.00,0.00,0.00,155077938.83,655262.09,10612469.48,0.00,9280892.53,11442101.24,0.00,0.00
2014-08-01,0.00,-573.74,164.75,4040.43,12.66,147.69,0.00,205.89,170.64,0.00,0.00,21.80,11.11,1.20,675811.28,19861.37,5220944.09,6871.89,83279.78,1116.80,35.55,0.00,0.00,0.00,140061464.61,589075.99,6259922.02,0.00,8484751.68,5440034.59,0.00,0.00
2014-09-01,0.00,-687.48,98.99,3728.82,27.41,186.92,0.00,195.56,218.80,0.00,0.00,28.00,13.68,4.80,781953.53,17283.56,4789507.88,14881.94,104683.31,1099.59,37.54,0.00,0.00,0.00,136400992.52,1550924.38,7845579.79,0.00,8322572.75,6708502.94,0.00,0.00
2014-10-01,0.00,-893.54,52.57,4086.09,0.00,137.44,0.00,191.90,243.10,0.00,0.00,32.30,15.71,5.90,1033921.18,11455.53,5246140.14,0.10,75809.12,1126.24,27.18,0.00,0.00,0.00,108707966.02,5.08,4115315.08,0.00,5916774.30,6047812.53,0.00,0.00
2014-11-01,0.00,-805.69,53.84,3944.84,8.22,101.99,0.00,121.38,215.57,0.00,0.00,35.00,17.29,7.90,941615.43,21765.09,5035852.38,4462.58,56724.31,1147.54,29.44,0.00,0.00,0.00,113111632.67,403826.83,3679278.36,0.00,4251468.69,5705947.18,0.00,0.00
2014-12-01,0.00,-951.33,41.08,4190.64,0.00,79.82,0.00,158.92,202.65,0.00,0.00,33.10,18.67,10.80,1117471.61,16403.26,5315206.81,0.00,44030.89,1144.12,27.61,0.00,0.00,0.00,111939571.17,0.00,2913592.10,0.00,5106162.55,5089671.88,0.00,0.00
2015-01-01,0.00,-939.85,59.61,4289.36,6.79,85.38,0.00,129.81,272.88,0.00,0.00,38.80,20.39,11.60,1105794.52,17305.96,5499715.98,3687.14,48350.61,1143.26,27.78,0.00,0.00,0.00,113106765.21,346584.27,3458725.45,0.00,4948765.79,6742074.68,0.00,0.00
2015-02-01,0.00,-744.75,36.66,3919.05,13.22,82.26,0.00,232.54,191.43,0.00,0.00,36.10,20.97,13.20,862234.37,15365.06,4991035.38,7177.46,45364.91,1125.00,29.36,0.00,0.00,0.00,110000161.84,534199.81,2938454.21,0.00,8492003.64,5042233.12,0.00,0.00
2015-03-01,0.00,-1004.85,34.73,4203.07,1.29,88.31,0.00,228.64,232.75,0.00,7.91,33.50,17.60,8.50,1151498.34,12517.61,5355734.58,698.55,49136.32,1125.20,26.58,0.00,0.00,0.00,108960761.55,52568.77,2601379.40,0.00,7378893.05,5665231.27,0.00,214104.21
2015-04-01,0.00,-946.14,37.42,4051.92,7.90,91.91,0.00,275.60,206.97,0.00,13.91,29.00,14.61,6.40,1073948.52,6855.13,5149176.19,4289.03,51177.34,1106.45,30.16,0.00,0.00,0.00,117582785.14,452973.42,3560385.11,0.00,9756888.47,5612010.72,0.00,416982.38
2015-05-01,0.00,-663.97,138.03,4012.34,2.95,45.72,0.00,154.04,366.93,0.00,11.67,23.10,13.22,5.40,753438.76,9469.33,5120327.99,1600.49,25825.02,1082.62,31.21,0.00,0.00,0.00,120750746.24,159340.95,1986228.08,0.00,6676010.89,9681242.30,0.00,365473.49
2015-06-01,0.00,-572.87,205.32,4003.59,4.59,64.43,0.00,221.08,228.36,0.00,9.02,18.50,10.73,2.20,656208.47,25328.12,5083972.90,2490.42,35940.76,1078.78,35.71,0.00,0.00,0.00,138590114.32,305627.22,2822178.62,0.00,10013887.36,6893327.17,0.00,319612.73
2015-07-01,0.00,-669.11,151.75,4361.50,8.55,56.61,0.00,179.80,354.79,0.00,10.15,17.00,9.99,0.60,755720.60,14394.34,5534080.50,4642.75,32244.93,1084.33,36.24,0.00,0.00,0.00,153210930.75,435955.83,2953475.33,0.00,8557452.43,11055914.45,0.00,351718.11
2015-08-01,0.00,-595.15,237.45,4003.95,14.61,37.29,0.00,269.85,299.65,0.00,12.85,18.80,10.80,3.50,671647.72,34626.92,5102407.20,7932.82,21971.79,1050.18,36.30,0.00,0.00,0.00,140806610.71,798987.23,1865076.12,0.00,11752334.02,9479711.85,0.00,443007.78
2015-09-01,0.00,-592.41,135.98,3663.64,49.84,56.36,0.00,265.85,233.68,0.00,18.93,26.70,12.73,5.10,667153.49,33450.33,4688494.85,27063.62,32864.24,1073.81,45.99,0.00,0.00,0.00,158235270.11,2786428.65,3140725.31,0.00,13109184.08,9345405.81,0.00,814170.95
2015-10-01,0.00,-702.79,73.25,3849.04,10.67,28.92,0.00,246.43,256.78,0.00,62.42,35.80,17.92,6.00,803902.58,48025.01,4947430.18,5791.47,16554.99,1101.76,37.01,0.00,0.00,0.00,137774973.98,546434.74,1256037.78,0.00,10635416.89,8328708.06,0.00,3073582.36
2015-11-01,0.00,-693.38,81.52,3740.48,21.16,47.03,0.00,186.31,238.39,0.00,201.53,33.30,17.39,8.00,794586.90,51766.95,4779527.07,11491.66,26286.27,1065.77,36.88,0.00,0.00,0.00,130104162.77,1437254.34,2594415.21,0.00,8399552.45,8238971.73,0.00,8261513.40
2015-12-01,0.00,-603.32,138.79,3783.32,60.24,113.57,0.00,212.08,258.96,0.00,244.25,41.20,20.70,9.20,682658.30,90565.37,4830728.24,32710.02,65585.56,1030.67,53.59,0.00,0.00,0.00,185852800.08,5831002.60,9418913.22,0.00,15626515.69,11548968.47,0.00,14380674.26
2016-01-01,0.00,-723.77,34.94,3949.06,24.52,65.47,0.00,279.85,235.81,0.00,208.86,42.20,20.56,11.90,818643.54,17126.57,5038413.52,13314.46,41336.81,1053.20,59.00,0.00,0.00,0.00,188915865.08,6223452.37,17562430.20,0.00,26382997.25,14925893.08,0.00,16655091.20
2016-02-01,0.00,-562.69,37.83,3719.34,18.81,47.11,0.00,278.63,188.19,0.00,214.99,39.40,20.26,12.50,637548.08,21800.80,4724655.73,10214.87,27726.98,1051.91,37.59,0.00,0.00,0.00,132241055.83,1369048.22,3053564.72,0.00,13711948.62,6379765.79,0.00,8991305.01
2016-03-01,0.00,-646.43,24.96,3954.04,53.56,80.28,0.00,312.40,190.85,0.00,179.67,38.90,19.82,9.40,736885.76,15421.55,5056865.83,29083.64,49189.57,1063.71,51.95,0.00,0.00,0.00,184812248.57,5477737.58,9380657.63,0.00,26411977.37,8917476.39,0.00,9962837.41
2016-04-01,0.00,-720.26,23.80,3854.57,5.12,77.90,0.00,155.37,229.68,0.00,149.09,29.00,17.33,8.30,838758.83,9740.97,4962232.62,2779.43,43973.95,1107.20,48.53,0.00,0.00,0.00,181200236.39,497076.98,5851043.66,0.00,10291675.02,8122873.32,0.00,6786399.71
2016-05-01,0.00,-574.05,41.29,3690.12,37.13,60.11,0.00,239.89,412.36,0.00,115.44,25.70,14.73,3.60,626482.76,16241.56,4733453.08,20164.22,34669.74,1038.72,58.93,0.00,0.00,0.00,208012265.26,4265753.71,5458304.21,0.00,21751665.69,18095524.60,0.00,6548995.76
2016-06-01,0.00,-572.54,111.15,3759.49,36.77,123.80,0.00,402.66,292.93,0.00,86.20,17.90,10.90,3.00,609421.14,20417.36,4777285.89,19964.14,70552.32,1009.04,97.92,0.00,0.00,0.00,354923706.43,5914961.40,17274266.31,0.00,47954520.34,23311603.14,0.00,8254143.05
2016-07-01,0.00,-523.95,233.17,3659.00,31.22,65.11,0.00,409.59,412.07,0.00,99.29,18.30,11.41,3.10,549704.31,22600.63,4656160.41,16950.80,38755.21,954.23,68.40,0.00,0.00,0.00,234848086.20,4732946.06,9028360.39,0.00,40028446.32,21263599.77,0.00,5931982.33
2016-08-01,0.00,-720.89,198.93,3957.30,3.78,39.33,0.00,437.84,318.66,0.00,77.08,21.60,11.88,3.40,774725.50,9261.18,5037416.12,2051.88,22988.13,996.51,45.73,0.00,0.00,0.00,172419638.51,294671.66,3544572.76,0.00,26851033.46,10824261.02,0.00,2937355.87
2016-09-01,0.00,-768.08,94.72,3753.38,1.95,45.97,0.00,449.57,252.38,0.00,86.54,23.30,13.15,7.30,823927.45,31456.97,4785367.07,1058.80,27197.51,1026.74,42.58,0.00,0.00,0.00,153779292.93,97706.03,2830438.04,0.00,21895011.27,9187120.81,0.00,3348294.75
2016-10-01,0.00,-948.87,237.14,3630.43,3.12,56.59,0.00,418.88,386.73,0.00,121.75,28.00,14.29,5.20,981004.05,3593.69,4627863.86,1695.74,31984.34,943.25,35.04,0.00,0.00,0.00,125200905.82,204413.73,2714379.01,0.00,18032883.16,10098260.22,0.00,3556646.16
2016-11-01,0.00,-879.47,118.43,3764.09,1.09,20.24,0.00,303.31,291.77,0.00,132.10,35.00,15.83,8.40,963426.08,2651.31,4808755.53,593.23,11813.11,1029.01,37.79,0.00,0.00,0.00,138494792.21,76571.32,1011374.69,0.00,15055128.65,8100854.96,0.00,5416719.72
2016-12-01,0.00,-1099.73,31.14,4017.58,1.04,8.76,0.00,286.28,263.12,0.00,151.69,38.20,19.55,8.80,1235650.30,1182.18,5151409.20,562.09,4933.70,1071.74,31.61,0.00,0.00,0.00,121885208.25,58727.86,361202.67,0.00,11932092.03,7328999.58,0.00,5330005.36
2017-01-01,0.00,-951.22,35.92,4025.93,11.61,112.17,0.00,158.97,252.09,0.00,151.90,37.80,20.76,11.00,1099109.38,13803.22,5166487.20,6301.50,66058.23,1093.80,67.65,0.00,0.00,0.00,251367747.19,1597273.55,12412369.25,0.00,16159656.18,14898353.48,0.00,12512491.59
2017-02-01,0.00,-812.22,65.11,3530.05,9.24,129.44,0.00,162.18,266.55,0.00,133.15,36.00,19.82,10.00,916246.55,13175.35,4527040.71,5017.95,75800.05,1063.53,93.83,0.00,0.00,0.00,308384003.19,1829333.70,18205159.64,0.00,21203687.73,21201361.95,0.00,14397671.11
2017-03-01,0.00,-716.47,56.85,3803.38,46.48,169.96,0.00,135.88,287.98,0.00,133.10,33.50,20.95,10.10,815805.10,30608.84,4857156.67,25241.22,96096.59,1070.49,95.02,0.00,0.00,0.00,333653326.77,7199077.59,22345012.41,0.00,17612236.59,24411271.02,0.00,14670812.59
2017-04-01,0.00,-559.59,116.21,3084.09,82.06,339.72,0.00,58.71,207.27,0.00,87.52,28.10,16.14,8.20,585390.14,61581.49,3688264.56,44560.65,193760.98,996.13,110.85,0.00,0.00,0.00,334985210.38,10173711.97,40168888.02,0.00,7663425.04,21075805.19,0.00,9692773.26
2017-05-01,0.00,-362.54,250.93,3104.82,88.17,175.39,0.00,354.33,254.06,0.00,71.65,20.50,12.80,5.60,363881.67,138569.83,3719019.65,47876.70,100443.30,925.12,110.71,0.00,0.00,0.00,328712222.30,12117582.32,20643943.86,0.00,46054596.18,23591554.21,0.00,7572615.77
2017-06-01,0.00,-317.34,197.06,3304.48,43.72,280.71,0.00,354.70,158.94,0.00,59.16,19.00,10.59,3.40,324342.84,130962.82,3949637.09,23742.58,156043.09,964.38,100.01,0.00,0.00,0.00,324944567.68,4970965.66,29255017.02,0.00,38313241.70,14711453.73,0.00,5535360.68
2017-07-01,0.00,-171.09,352.88,2830.58,159.17,260.45,0.00,322.22,422.61,0.00,69.61,18.10,10.47,0.80,157607.93,142566.62,3368883.87,86427.36,150305.18,845.55,119.94,0.00,0.00,0.00,331897007.25,21353732.31,34304675.29,0.00,43432175.04,45765353.25,0.00,7924165.05
2017-08-01,0.00,-344.33,325.79,3272.35,79.07,222.40,0.00,230.20,370.53,0.00,88.46,20.10,10.87,3.10,339030.81,87148.91,3898302.02,42937.04,128917.31,899.58,106.13,0.00,0.00,0.00,335843613.50,10814452.09,26697017.59,0.00,29971299.46,33224534.02,0.00,8634234.24
2017-09-01,0.00,-430.76,411.24,2974.12,33.08,161.21,0.00,123.82,475.74,0.00,107.22,30.60,13.00,3.70,413494.98,61725.25,3534158.88,17962.39,90016.53,853.38,82.13,0.00,0.00,0.00,238379055.99,3338784.34,14630241.86,0.00,11179371.12,36261939.51,0.00,8102894.29
2017-10-01,0.00,-402.27,399.81,2866.55,87.73,110.04,0.00,209.56,303.01,0.00,142.43,30.90,15.66,6.80,390215.65,64678.51,3412540.42,47634.76,62541.28,860.18,74.66,0.00,0.00,0.00,209418742.80,7878127.94,9314975.85,0.00,17961453.65,20101925.76,0.00,10798603.55
2017-11-01,0.00,-155.57,441.94,2548.85,195.02,256.17,0.00,158.66,243.38,0.00,156.46,35.80,19.86,6.40,154528.25,235840.31,3031898.81,105897.93,166112.73,880.44,100.85,0.00,0.00,0.00,242140794.21,20810841.86,31331499.91,0.00,19816563.02,21772888.27,0.00,17325708.05
2017-12-01,0.00,-311.49,302.04,2968.35,95.19,157.68,0.00,118.40,288.46,0.00,168.40,37.60,19.55,10.80,317875.93,145090.54,3549806.94,51687.02,92069.59,929.69,88.15,0.00,0.00,0.00,250535946.88,9747737.03,16308183.51,0.00,11962437.56,22756152.81,0.00,15314315.79
2018-01-01,0.00,-349.75,320.32,3253.98,97.36,133.70,0.00,250.96,282.70,0.00,172.53,41.70,21.59,12.40,354357.30,178362.60,3880642.27,52863.89,81570.35,922.46,167.49,0.00,0.00,0.00,420062740.13,26266369.23,61306913.14,0.00,90235579.69,31734739.29,0.00,34960921.35
2018-02-01,0.00,-335.30,281.36,2947.40,60.16,102.29,0.00,132.85,310.30,0.00,153.30,37.40,21.29,12.10,341391.69,167242.32,3515952.70,32667.70,59013.84,940.07,109.73,0.00,0.00,0.00,282971694.34,9820500.59,20900167.23,0.00,29664732.87,26105005.70,0.00,19385635.58
2018-03-01,0.00,-320.97,335.17,2936.13,50.48,92.84,0.00,162.61,356.01,0.00,150.69,35.10,19.41,9.60,320937.39,202354.73,3495236.44,27408.10,52821.85,918.66,77.36,0.00,0.00,0.00,222140280.92,4965883.00,8451895.01,0.00,13896210.14,24792950.97,0.00,11925303.89
2018-04-01,0.00,-315.84,98.22,3053.17,54.57,101.95,0.00,251.07,227.96,0.92,106.13,29.90,16.58,6.20,313788.54,65758.71,3623719.98,29631.99,59171.64,968.24,75.98,0.00,0.00,0.00,228017269.34,5102833.55,8897467.33,0.00,22549617.23,13792122.59,68709.77,8310290.70
2018-05-01,0.00,-369.02,124.19,3214.90,46.92,158.89,0.00,345.70,406.82,4.27,70.67,24.40,13.91,5.20,350979.99,72067.54,3816240.72,25480.24,90798.91,912.64,82.95,0.00,0.00,0.00,253822487.57,5292344.11,15803178.79,0.00,35374592.34,28358424.90,342467.94,5254453.99
2018-06-01,0.00,-416.28,343.17,3236.59,66.24,191.84,0.00,347.87,313.83,4.12,69.13,19.10,10.34,3.00,405003.89,108613.88,3861114.89,35966.22,115762.48,894.13,97.53,0.00,0.00,0.00,304186378.26,8097347.32,23734877.87,0.00,41590480.68,25171234.86,378274.64,5993507.62
2018-07-01,0.00,-405.36,376.07,3298.98,17.52,95.05,0.00,270.11,555.81,5.34,82.28,19.50,11.13,2.40,382910.30,49071.10,3945641.05,9510.78,56801.28,856.21,74.01,0.00,0.00,0.00,233323321.57,2184080.48,10411999.84,0.00,28056330.86,34433315.89,342992.87,5102347.87
2018-08-01,0.00,-528.32,487.70,3185.71,17.28,142.92,0.00,308.54,497.76,7.35,112.80,20.00,10.88,0.80,490297.87,55745.02,3815963.61,9384.60,84354.64,821.21,84.08,0.00,0.00,0.00,251611265.34,2632119.45,17895676.34,0.00,36566007.38,33609852.03,536771.60,7380091.80
2018-09-01,0.00,-265.47,419.20,2648.85,76.83,139.84,0.00,210.84,389.29,10.67,155.48,24.20,12.34,3.40,245129.38,83161.15,3148304.38,41717.68,83793.44,822.04,96.98,0.00,0.00,0.00,244339280.30,10812873.97,18712413.30,0.00,26993348.16,30377387.76,853258.72,12011192.48
2018-10-01,0.00,-286.33,261.71,2763.96,6.18,162.38,0.00,189.24,372.53,21.81,181.19,28.20,16.07,4.70,272646.12,112261.40,3281752.85,3355.32,95070.86,876.69,101.86,0.00,0.00,0.00,277101196.57,777885.28,20678675.87,0.00,21612391.54,33572943.85,2036220.90,16360453.53
2018-11-01,-0.87,-221.69,332.51,2537.34,21.04,128.99,0.82,183.72,328.66,30.58,181.45,34.30,22.86,7.70,214629.25,137194.11,3012789.99,11426.08,72290.76,857.07,99.57,88617.41,0.00,0.00,248568783.15,2448180.14,14299562.27,83437.15,20226334.58,30181927.75,2863002.46,16490468.91
2018-12-01,-0.47,-334.85,335.36,2921.52,30.57,106.40,0.56,152.94,305.79,50.23,210.49,38.00,0.00,10.30,339843.55,102166.24,3462315.54,16598.63,62964.14,874.46,98.84,45824.98,0.00,0.00,267562433.23,5287582.70,15832908.24,55721.40,22746038.91,27184711.06,4862200.31,21376543.64
2019-01-01,-1.01,-351.27,261.54,2971.19,128.60,260.81,0.75,278.63,292.00,60.28,236.06,42.80,0.00,12.90,340775.94,112965.51,3533620.76,69828.94,162506.18,855.13,350.88,132614.26,0.00,0.00,695926853.29,68671532.75,206205945.52,1249137.99,245639670.43,72251954.64,20493102.03,66890512.76
2019-02-01,-0.87,-358.61,167.29,2771.89,48.80,162.52,0.70,184.85,333.84,53.04,194.63,38.20,0.00,11.80,349374.88,75113.84,3302058.00,26499.33,95603.22,885.28,117.40,66594.75,0.00,0.00,307800964.42,8516520.26,25480657.28,94945.50,29830663.32,32490063.87,6108477.92,22990359.07
2019-03-01,-1.78,-420.40,190.23,3231.87,87.15,121.59,1.49,138.95,338.30,49.86,186.30,38.10,0.00,9.10,424997.32,95856.40,3845117.27,47321.31,72125.43,926.56,157.85,132666.92,0.00,0.00,429682741.33,17079113.67,41991870.32,587429.36,59704797.54,35646981.54,9835020.31,30770581.85
2019-04-01,-1.35,-256.64,276.35,2595.70,121.66,97.74,1.10,166.23,332.49,37.79,141.00,30.30,0.00,6.70,246854.11,150272.45,3092261.49,66062.83,58945.22,888.56,100.51,96711.16,0.00,0.00,254373166.11,14269019.04,10993855.12,137509.04,20147269.39,28784843.50,3557577.36,13223673.96
2019-05-01,-1.90,-159.29,365.39,2679.82,84.70,226.77,1.58,163.87,457.39,28.28,98.96,22.80,0.00,6.20,151915.88,150738.92,3222749.37,45989.97,129685.10,861.03,94.19,123176.91,0.00,0.00,244697424.59,9444221.26,23668582.88,209249.08,18572424.68,39885435.44,2399622.43,8353120.62
2019-06-01,-2.80,-254.90,314.87,2978.58,81.02,145.14,2.35,298.10,424.85,36.53,85.64,19.50,0.00,3.50,236842.67,99428.53,3566142.76,43992.05,89283.69,866.80,106.82,211431.25,0.00,0.00,303521523.77,10652597.60,21137387.13,387503.91,41432751.44,35360818.58,3486093.21,7594369.77
2019-07-01,-3.11,-141.06,403.20,2780.22,127.89,167.69,2.60,233.73,561.18,44.20,96.83,19.40,0.00,3.00,127094.16,112310.70,3307312.43,69442.01,98663.95,809.81,89.67,184500.84,0.00,0.00,236858933.48,13948335.73,17857498.59,294420.51,25924277.91,42706048.39,3487667.92,7202110.32
2019-08-01,-3.72,-121.98,447.51,2614.33,163.40,211.40,3.14,205.31,556.47,57.92,139.53,19.40,0.00,2.30,104283.90,157894.99,3113863.32,88728.69,131926.78,792.86,110.92,291762.85,0.00,0.00,276158329.57,21597655.48,30850656.64,523571.85,37516067.02,46732286.88,4841741.88,10324380.46
2019-09-01,-3.41,-95.82,353.23,2378.82,164.29,158.09,2.88,173.41,435.88,58.68,186.98,26.20,0.00,3.60,84346.23,183263.67,2839244.86,89210.98,104726.30,821.42,109.21,276806.14,0.00,0.00,248191134.39,22466720.41,22965316.45,391958.80,26149925.77,37915889.51,4999902.48,15588726.04
2019-10-01,-2.56,-324.36,378.73,2658.72,193.35,81.09,2.15,86.56,421.34,63.53,242.44,33.80,0.00,4.20,299324.78,158784.30,3153210.58,104986.40,50334.04,833.46,104.00,207110.18,0.00,0.00,269401623.45,23972974.28,10672970.36,283840.42,10868837.31,35891821.85,5853991.00,20453624.69
2019-11-01,-2.33,-293.55,261.65,2663.50,25.02,99.29,1.86,89.18,481.21,70.78,257.24,40.90,0.00,7.60,275869.54,74728.10,3153989.67,13586.10,57251.12,827.53,69.88,126912.80,0.00,0.00,180981698.79,2091978.30,8023766.56,148360.34,7968641.67,31307627.31,4217989.76,14378522.72
2019-12-01,-1.81,-443.14,281.95,2937.15,43.48,84.25,1.49,120.35,467.07,74.56,319.18,43.50,0.00,9.80,429744.80,109150.97,3507361.92,23611.41,50845.36,839.54,71.74,82466.41,0.00,0.00,182825225.13,6856345.05,14510783.72,177169.15,21467576.58,27664781.18,4666389.59,19931609.18
2020-01-01,-2.13,-493.08,227.48,3109.18,42.69,98.13,1.78,193.08,443.35,68.54,277.30,42.90,0.00,11.70,478901.42,85265.81,3713823.36,23181.78,59946.75,858.05,227.35,118780.76,0.00,0.00,464152399.22,31211109.11,98124953.80,997225.11,139508347.57,47300109.26,11077100.29,42797628.73
2020-02-01,-1.75,-427.65,163.62,2884.47,9.12,218.60,1.43,162.90,353.79,63.47,236.64,34.00,0.00,10.80,414653.94,48754.89,3449644.31,4950.22,122301.09,876.21,50.72,70614.96,0.00,0.00,139532564.98,699623.67,10843917.11,92742.67,11275585.75,16032770.32,3130806.97,11135936.23
2020-03-01,-1.85,-416.97,257.32,2903.09,35.26,92.27,1.51,93.78,509.25,54.89,242.25,32.10,0.00,8.50,395639.65,65520.24,3454117.38,19143.70,52074.62,847.36,44.62,66696.22,0.00,0.00,124169482.91,1842851.21,5056768.67,82040.55,5706367.11,20171437.52,2149777.07,9479730.52
2020-04-01,-1.77,-446.63,342.80,2774.57,42.35,22.51,1.38,128.87,449.00,41.42,168.84,23.50,0.00,7.10,425549.51,51933.18,3298343.41,22995.13,14436.19,840.72,36.59,41388.53,0.00,0.00,95751367.57,2412509.94,1409868.61,67215.06,7495876.53,11622953.08,1109713.16,4602288.95
2020-05-01,-1.85,-434.61,298.62,2828.13,43.77,75.02,1.43,380.20,564.37,53.65,150.18,21.10,0.00,4.50,377593.79,36203.98,3341046.33,23764.40,45266.89,775.13,40.38,50985.22,0.00,0.00,106930068.81,2881847.12,4626565.10,74105.74,19584211.44,17416380.23,1802105.07,4660300.07
2020-06-01,-2.16,-389.96,300.58,3195.87,22.19,90.79,1.75,330.42,414.65,41.95,122.54,18.40,0.00,1.70,365189.42,68167.12,3799762.23,12047.04,54232.52,864.46,52.27,75078.75,0.00,0.00,159323675.41,2768002.86,8627180.03,200041.67,25358550.15,14478193.20,1822882.00,5163085.12
2020-07-01,-2.73,-148.78,412.43,2866.18,52.88,204.89,2.30,333.35,448.03,50.09,122.16,17.40,0.00,3.10,133909.60,174600.59,3404664.36,28715.29,122209.12,828.49,66.31,137844.76,0.00,0.00,181301010.58,4997691.91,16829265.22,224935.88,28637949.01,22855145.04,2993388.77,6878293.48
2020-08-01,-2.58,-360.02,358.39,2932.10,30.45,137.98,2.11,172.28,691.12,46.31,174.24,20.70,0.00,3.30,318949.84,148372.54,3455826.32,16533.15,82730.30,809.23,56.98,99301.35,0.00,0.00,158097187.28,3155698.29,11806169.57,192258.63,15156563.35,32634959.07,1957529.76,6921517.32
2020-09-01,-2.68,-443.36,257.36,2674.32,11.58,51.31,2.17,120.96,675.81,69.49,228.81,26.30,0.00,4.30,386843.66,47470.10,3175950.46,6285.53,31073.29,788.30,36.97,55876.18,0.00,0.00,93331374.05,725805.53,3336650.06,113650.69,6716999.41,20833727.57,1797749.50,4855845.56
2020-10-01,-3.04,-390.35,249.20,2486.23,9.33,82.90,2.56,252.87,633.14,78.76,263.12,29.50,0.00,6.30,321561.29,53979.25,2971569.72,5065.45,50169.29,752.92,47.54,93502.34,0.00,0.00,113540751.47,437555.34,7180141.41,206103.49,16236532.24,21538804.12,2673901.58,8675911.69
2020-11-01,-2.85,-423.31,234.72,2629.02,25.74,42.76,2.43,146.68,579.58,102.39,334.59,36.00,0.00,8.40,371696.50,69329.90,3104555.24,13975.64,24925.88,773.77,46.52,87106.92,0.00,0.00,117930030.68,1712444.74,3203985.16,159731.55,10305603.65,22485491.07,3832739.00,11648578.37
2020-12-01,-2.88,-641.08,144.15,2950.83,16.49,8.67,2.30,92.41,647.69,129.51,366.02,33.70,17.43,9.00,577892.03,23295.25,3505680.43,8956.40,5187.54,798.36,26.08,24376.91,0.00,0.00,77675141.85,537583.50,679449.88,78738.31,4774786.82,11463464.83,2311589.82,5025048.93
2021-01-01,-2.55,-710.39,82.84,3100.65,12.06,18.06,1.99,214.40,672.87,143.35,351.69,39.20,19.81,10.30,634657.85,18571.41,3702980.81,6547.02,10940.13,799.07,25.15,26433.48,0.00,0.00,75784827.55,579056.62,992367.41,66935.35,9270786.06,12681466.15,2163207.58,4893868.09
2021-02-01,-1.83,-675.85,75.69,2947.62,0.55,9.94,1.51,212.37,525.29,138.33,301.73,25.90,19.50,13.40,623428.09,10413.90,3516527.88,296.51,6109.70,823.09,23.79,15700.60,0.00,0.00,68925624.85,-17907.42,434549.94,45880.62,8030622.35,10200692.34,1976441.31,4084441.25
2021-03-01,-1.94,-703.32,114.56,3131.24,0.60,12.98,1.51,314.25,512.68,129.28,266.09,29.80,17.40,8.90,638444.32,9721.15,3727398.09,324.09,8002.08,822.41,31.57,45891.48,0.00,0.00,95914003.97,16134.65,730951.30,70629.37,13057143.59,14612536.76,2704156.17,5351144.77
2021-04-01,-2.32,-427.07,258.51,2744.47,0.00,44.77,1.92,249.99,510.64,118.74,204.66,31.60,15.54,7.20,377132.48,46890.91,3256187.31,0.00,30678.83,798.16,54.01,59191.34,0.00,0.00,136746830.58,0.00,6122015.17,215650.24,23245539.29,16680183.27,3434737.27,4970427.47
2021-05-01,-2.37,-442.12,258.17,2920.00,0.00,101.62,1.97,237.83,702.95,90.17,159.15,25.80,12.78,1.90,383401.69,61041.82,3468421.89,0.00,67209.64,797.86,84.03,59008.13,0.00,0.00,203956616.60,0.00,22244287.60,258113.68,41001900.45,29513209.29,3219547.32,4921840.87
2021-06-01,-2.54,-425.95,266.39,2736.73,135.04,168.14,2.13,356.33,679.84,61.00,122.72,19.30,11.50,3.80,349567.74,55630.13,3214265.73,73328.81,109097.29,756.80,92.66,140055.14,0.00,0.00,234479467.64,16390850.88,23066701.62,320309.65,41464528.48,44524952.49,4696265.14,9518433.73
2021-07-01,-2.61,-524.92,280.76,3165.39,45.78,96.46,2.17,280.72,922.50,57.31,146.63,17.80,10.72,2.30,439987.97,42947.71,3767342.77,24859.07,57138.77,772.29,99.79,107250.02,0.00,0.00,298411850.63,8854284.45,20801536.36,298266.66,50670656.51,48592772.66,4131048.65,10460705.85
2021-08-01,-2.98,-416.48,371.62,2678.90,43.73,105.65,2.43,178.34,866.23,93.93,216.79,22.00,12.18,4.80,335032.47,51121.00,3186058.86,23747.83,62238.96,722.09,52.65,70656.57,0.00,0.00,134402090.81,4643309.99,10963352.91,213400.13,18220965.77,28841918.99,1596755.34,1420051.30
2021-09-01,-2.18,-426.67,331.56,2369.65,14.53,27.34,1.69,191.32,788.06,135.39,291.56,26.40,13.49,4.50,329798.31,37276.95,2812305.43,7887.57,16387.74,683.48,32.82,10972.70,0.00,0.00,77694586.76,1293519.66,2245330.92,128658.32,12941867.15,13542390.85,350008.76,-921811.28
2021-10-01,-5.09,-493.79,250.90,2591.48,8.87,13.53,4.41,164.26,665.49,167.42,374.57,27.70,14.42,5.70,414031.83,25042.42,3062033.39,4816.63,8353.50,717.84,22.31,52968.46,0.00,0.00,61350860.64,810250.64,794828.10,239615.30,11176356.84,5264028.25,-804594.95,-4869209.55
2021-11-01,-12.04,-527.04,258.07,2388.11,4.88,10.94,9.47,261.79,704.36,142.88,385.29,30.60,16.02,7.60,413250.39,22842.78,2818639.06,2647.43,6478.73,672.06,38.36,181001.06,0.00,0.00,93453042.06,347702.78,633334.26,480061.95,18871520.96,15785808.47,3147445.33,5652469.25
2021-12-01,-6.97,-737.44,150.15,2738.27,11.12,9.05,4.58,165.82,761.48,182.11,495.65,37.30,18.43,10.10,610226.89,17343.83,3236964.31,6039.98,5746.01,703.76,37.65,23501.55,0.00,0.00,102822817.62,1132463.28,863411.45,289088.71,12808585.14,20728489.41,1874476.27,2628341.98
2022-01-01,-7.06,-634.13,152.34,3065.88,45.46,43.50,4.90,193.79,776.33,177.01,464.54,36.90,22.82,13.00,548668.76,51806.90,3645601.65,24683.42,26763.38,747.26,73.06,134676.05,0.00,0.00,195479007.24,8731985.14,11378654.19,760105.58,32359610.73,37679440.76,10679875.69,25707470.09
2022-02-01,-8.27,-487.05,144.00,2459.18,51.19,34.65,5.93,109.03,668.76,172.20,414.91,31.90,20.00,11.80,404598.76,52802.37,2895083.50,27797.96,21386.33,727.30,58.16,60209.07,0.00,0.00,144445357.37,5176475.43,3622909.71,518261.90,10713307.96,31845559.74,5110403.44,10176417.56
2022-03-01,-8.87,-588.25,115.81,2998.41,36.64,51.33,6.95,160.24,663.60,136.63,358.23,32.10,19.33,11.20,518807.44,28183.48,3570008.42,19897.27,31037.20,796.37,58.96,80034.86,0.00,0.00,181014241.52,4014316.41,5320447.48,629665.25,16534704.73,26885528.19,4333364.69,9958119.72
2022-04-01,-17.10,-540.28,164.30,2579.83,153.93,125.68,14.49,147.83,617.07,97.35,243.12,27.80,16.61,7.70,457072.19,34842.68,3049170.27,83583.53,79171.12,777.89,149.21,1346477.64,0.00,0.00,371394059.96,31537083.27,27662200.29,3075096.62,30419627.67,73337494.53,8685234.72,21507128.63
2022-05-01,-18.48,-525.93,234.74,2843.47,77.07,190.61,16.23,388.87,652.82,94.64,183.49,21.50,12.62,4.70,432486.51,20872.49,3382859.17,41846.34,136997.63,761.35,243.58,2574058.17,0.00,0.00,676981176.29,20988709.29,59437072.27,4809299.49,115666969.21,123798664.34,17813795.06,33204993.80
2022-06-01,-19.54,-566.20,227.09,2667.19,104.93,221.82,15.95,368.75,1088.66,63.13,143.26,17.50,10.85,4.50,418416.60,22901.06,3165782.47,56978.37,147461.43,689.38,314.00,3657256.86,0.00,0.00,797690142.19,44741301.75,96074688.15,7764620.98,151212999.54,269741687.49,16194240.17,35120499.64
2022-07-01,-23.18,-356.47,228.16,2760.28,92.58,241.89,20.04,334.61,909.86,101.45,194.36,18.30,9.72,0.90,273893.27,69898.70,3278136.43,50272.23,156821.49,728.59,360.61,4663135.33,0.00,0.00,939841309.68,50350942.64,128270375.16,9670463.59,168201041.87,236229407.01,28449096.61,45973594.40
2022-08-01,-21.15,-460.12,159.79,2561.14,73.83,167.36,17.70,392.78,1092.47,103.03,234.27,20.50,11.72,2.80,321831.82,47773.68,3050146.63,40091.83,99516.79,674.76,130.56,1160164.90,0.00,0.00,326469919.86,18591806.25,38197254.88,3798386.02,77995159.34,85887573.92,8300252.42,14089208.88
2022-09-01,-17.37,-588.09,146.16,2591.50,43.79,65.00,14.75,375.98,889.78,120.04,306.18,20.60,12.58,3.60,441388.75,28479.50,3080518.92,23780.06,38743.01,691.57,121.41,677713.53,0.00,0.00,310151787.76,9112942.81,13362147.57,3027484.65,67748350.45,78616103.85,7331143.68,13128258.23
2022-10-01,-16.09,-570.67,188.55,2538.12,30.96,32.41,13.33,318.80,796.67,110.43,388.50,26.00,14.69,5.40,434595.61,42485.87,3013965.91,16811.11,18919.77,693.71,107.72,368598.00,0.00,0.00,277976763.57,5774286.18,6376711.79,2355337.87,48750540.92,57382553.70,4253490.72,9207106.94
2022-11-01,-7.56,-391.03,196.14,2231.88,6.32,20.34,5.94,277.05,786.40,140.02,452.84,29.00,15.69,7.10,292207.39,44393.89,2648951.99,3429.11,13475.82,650.31,64.33,138219.65,0.00,0.00,147961281.66,1206954.78,2931712.27,569123.89,28722573.95,28696733.02,3962558.48,3709739.13
2022-12-01,-8.79,-714.04,173.83,2665.46,16.33,6.40,7.16,159.13,811.35,178.28,575.49,36.90,18.34,8.10,572263.50,33139.92,3157349.85,8867.87,4175.64,679.81,37.71,-118123.06,0.00,0.00,107018534.76,2160246.38,353196.50,632240.39,14700518.48,19084985.45,-232675.35,-10129404.89
2023-01-01,-9.21,-636.79,146.24,2882.90,24.76,18.04,6.50,154.78,738.64,193.50,552.36,37.20,20.73,13.30,535341.01,44267.37,3436439.11,13443.99,10263.16,729.19,55.66,-36730.88,0.00,0.00,164942423.57,3154029.46,2290694.19,605006.33,17781101.44,28314252.45,3465037.93,4553061.83
2023-02-01,-9.09,-531.09,153.03,2410.35,27.18,20.31,7.48,180.40,779.79,174.38,463.85,39.60,19.54,11.60,418676.60,55909.61,2855125.85,14758.76,12520.73,685.32,68.58,66952.24,0.00,0.00,160505183.74,4891034.73,5824192.86,849243.45,27317184.21,40354966.92,5190228.70,4549383.49
2023-03-01,-8.59,-516.97,178.07,2598.98,39.53,31.04,6.49,183.80,771.57,143.06,397.23,35.70,18.07,10.90,413317.89,42155.10,3092562.58,21466.63,20951.45,722.72,67.59,227273.01,0.00,0.00,179191425.29,5756039.23,4562837.66,572705.53,23023587.80,30953126.22,2889767.12,551473.87
2023-04-01,-12.00,-538.35,230.59,2538.78,34.92,45.80,10.13,136.13,703.47,135.54,297.66,25.90,15.41,5.10,433468.88,30658.62,3018786.21,18962.44,27353.95,743.10,90.59,470723.09,0.00,0.00,229379482.65,5493712.73,9085620.23,1477039.88,21881376.68,36067951.52,5804076.58,9908816.38
2023-05-01,-20.19,-559.45,235.52,2991.33,18.31,87.26,17.25,194.30,923.75,94.86,225.91,21.80,12.42,4.70,449178.83,39314.81,3568976.50,9940.97,51439.15,765.17,134.20,1474439.56,0.00,0.00,391752679.06,4891420.60,20876797.32,3365272.71,42631727.19,80035450.72,9065783.55,17753643.98
2023-06-01,-21.26,-684.48,251.42,2725.91,24.67,36.43,17.55,259.12,1361.29,65.55,177.62,19.50,11.85,4.30,483419.67,23710.33,3250235.35,13393.56,23208.76,670.92,62.22,488721.08,0.00,0.00,168966021.15,3813327.46,6930746.97,1920084.70,30300974.37,39590822.06,2137886.04,5315481.03
2023-07-01,-23.37,-749.22,290.60,2848.31,18.07,54.32,19.49,358.11,1250.06,88.71,213.85,18.80,11.73,4.20,531367.40,23344.17,3382645.56,9813.20,32718.27,667.70,62.31,351617.88,0.00,0.00,179005274.10,3670816.13,9343343.69,2372739.51,40267177.54,31858234.90,2239982.04,3109502.28
2023-08-01,-24.63,-658.55,248.38,2983.65,7.01,58.06,20.25,276.68,952.01,107.36,273.17,19.60,11.97,1.70,519057.03,22066.43,3536291.75,3807.86,34122.31,725.18,73.77,416048.65,0.00,0.00,213622771.22,2522300.20,12970052.04,3976416.51,40986853.56,28672486.62,2598962.17,3373219.16
2023-09-01,-21.42,-594.77,256.52,2403.91,5.60,36.98,18.24,196.96,874.34,110.58,433.16,29.20,14.75,3.90,442387.62,29441.39,2839961.17,3041.43,21340.61,658.96,36.28,-641435.58,0.00,0.00,87447422.40,969149.12,4905138.64,1704669.84,19277405.04,13228614.93,-440180.41,-15982657.14
2023-10-01,-18.44,-630.41,213.46,2453.42,0.00,6.64,14.91,194.10,1003.33,120.77,493.04,29.00,14.55,5.90,469125.52,34220.19,2910688.86,0.00,3932.15,643.95,23.32,-527074.16,0.00,0.00,64106915.84,0.00,758411.60,924527.58,12471773.74,10824043.96,-1345738.54,-13205266.85
2023-11-01,-15.05,-611.26,167.68,2445.03,0.00,27.24,12.18,161.19,773.04,161.72,537.35,33.10,17.06,9.60,478324.34,45491.97,2898684.76,0.00,15526.15,678.13,42.71,-217250.40,0.00,0.00,108221064.87,0.00,2779269.12,878286.91,15357469.23,24383492.00,-170246.68,-11000038.16
2023-12-01,-12.95,-687.81,180.48,2398.69,12.70,17.01,10.38,156.20,944.61,150.30,568.42,33.70,18.95,12.20,517540.40,50967.18,2834822.74,6895.49,9564.50,637.96,36.17,-472770.99,0.00,0.00,87266997.53,1393970.32,1816311.50,750982.41,13592920.22,25932609.85,-293478.92,-10433368.74
2024-01-01,-11.99,-716.96,134.78,2718.28,0.00,8.67,9.04,166.24,803.39,185.39,602.83,33.40,20.41,12.30,584556.68,35577.33,3237045.88,0.00,5003.85,690.59,30.26,-480455.09,0.00,0.00,85617210.09,0.00,648295.92,594022.56,12200607.51,19307203.58,-8756.30,-8461782.57
2024-02-01,-15.26,-607.02,141.33,2557.73,17.26,55.83,12.08,216.37,727.15,191.81,594.09,37.30,20.74,11.90,492808.30,41495.39,3025018.39,9371.14,33251.63,672.34,117.70,-104007.87,0.00,0.00,176093104.98,5659962.98,46502297.50,2236614.08,70014363.55,66212127.83,9889723.01,84067344.29
2024-03-01,-15.35,-625.84,131.88,2751.05,8.95,24.90,12.45,206.73,767.27,182.59,527.79,37.20,19.55,9.60,511794.20,40189.92,3264214.44,4859.85,14880.41,707.97,61.74,-54509.42,0.00,0.00,164522521.12,1777949.99,4332417.13,1480444.78,23489925.67,37317272.56,3987915.99,13914050.82
2024-04-01,-22.16,-425.92,288.53,2591.34,17.83,26.11,18.33,163.41,639.91,127.55,326.25,28.00,14.73,7.00,362052.89,89037.17,3088400.73,9682.76,15347.90,757.20,91.12,681999.69,0.00,0.00,227119048.40,3079820.84,4377695.79,2925530.87,23909110.03,42096126.82,5066777.06,8357232.81
2024-05-01,-24.53,-454.79,198.91,2950.53,87.83,151.09,19.69,235.24,655.77,114.47,290.06,20.30,12.48,5.20,380594.00,79672.71,3482873.94,47693.23,91444.92,786.19,141.02,1846363.56,0.00,0.00,409026098.86,18096160.55,30818320.59,3975640.25,45843586.96,55945043.62,9870339.35,20980165.86
2024-06-01,-26.24,-465.32,200.98,3077.78,79.64,261.94,21.52,258.91,757.33,93.27,198.67,16.70,10.28,1.40,379798.90,68055.96,3640433.03,43243.51,164212.92,793.13,174.59,2790150.09,0.00,0.00,516952604.99,21286004.03,63472303.07,5001626.16,59613885.08,84289858.94,12192985.30,23945718.25
2024-07-01,-32.81,-531.96,220.48,3107.36,113.88,187.30,26.66,323.68,1055.97,90.12,224.09,17.70,9.98,1.10,408275.09,81078.33,3691291.19,61836.06,113220.83,739.67,160.14,2762019.75,0.00,0.00,475569932.66,28598325.62,48214720.63,7728374.00,77556131.44,101670651.89,10581977.19,21856428.80
2024-08-01,-32.99,-610.30,253.53,2594.17,13.76,108.08,26.57,208.15,1222.84,102.54,349.28,23.40,13.64,3.30,427992.16,54047.40,3099949.23,7470.21,65786.33,660.88,177.74,1401262.51,0.00,0.00,433719837.84,1961777.91,63957974.26,16223981.29,83467947.57,56624034.99,4485440.78,9731565.69
2024-09-01,-25.53,-678.36,258.19,2473.50,1.46,13.37,20.25,147.08,1222.37,117.04,422.61,24.70,13.57,5.20,499230.21,17845.66,2943033.65,790.88,7532.77,621.85,24.54,-394127.38,0.00,0.00,70833299.58,206934.41,1686535.52,1396284.19,13608584.04,8677222.06,-1719478.31,-11711601.71
2024-10-01,-34.25,-531.78,226.47,2143.20,0.00,13.92,27.22,217.51,993.29,174.33,639.91,29.80,15.74,4.70,378569.21,34323.45,2550214.97,0.00,8833.73,572.33,31.28,-611034.12,0.00,0.00,77103864.85,0.00,1966920.65,1914493.65,20442534.33,18101252.07,-4344755.34,-22733822.11
2024-11-01,-21.84,-476.42,183.61,2245.36,9.27,60.28,16.91,273.24,749.35,168.73,666.10,36.80,18.86,7.60,360229.20,42707.29,2665697.84,5031.34,36140.78,616.67,77.20,-46141.22,0.00,0.00,176613156.79,1404008.93,9012982.13,1771529.75,34160700.14,38282653.62,2782711.06,4198675.06
2024-12-01,-25.87,-593.91,239.68,2239.93,12.91,53.06,20.39,178.75,859.25,211.89,789.54,39.10,20.18,11.00,449583.67,52522.89,2658722.20,7011.34,31384.17,577.09,68.25,-437110.20,0.00,0.00,149614884.39,2242283.15,9038252.63,2055972.72,25630441.89,43960992.66,1567553.13,-4996126.37
2025-01-01,-30.19,-605.27,203.74,2466.26,10.52,28.11,24.34,177.25,915.41,233.32,757.31,39.30,21.13,11.40,462849.62,72342.75,2919033.15,5713.56,17326.69,610.31,62.67,-549228.56,0.00,0.00,149500107.06,1376176.99,4041702.69,2583626.15,21985737.45,44166351.89,3652901.24,-4009745.15
2025-02-01,-28.31,-554.16,153.59,2231.94,18.39,57.17,22.53,209.25,1024.99,251.97,626.88,38.50,21.50,9.90,390466.80,60161.37,2647711.79,9986.76,33786.60,588.20,89.14,251374.27,0.00,0.00,188284580.32,5495387.86,13204173.07,4643219.10,36471199.53,56152489.54,7189171.18,14549665.65
2025-03-01,-29.34,-665.76,158.46,2709.49,7.93,34.67,22.29,221.64,925.25,233.27,574.81,34.60,20.14,10.90,511036.27,45451.90,3222173.60,4305.36,20010.77,663.27,71.24,259693.33,0.00,0.00,196156513.33,1173675.86,4760037.91,2851332.24,25808469.04,42127494.62,6372093.01,11727364.43
2025-04-01,-33.27,-743.98,115.28,2743.39,5.65,15.14,27.32,211.35,819.18,170.90,419.19,31.30,17.82,7.60,601678.22,24521.84,3267133.50,3067.85,10450.51,720.90,83.68,504627.48,0.00,0.00,231918145.29,1016588.77,2582067.66,3938949.08,26562589.10,44715181.74,4423693.68,6536884.25