date,Battery (Charging) -  GWh,Pumps -  GWh,Exports -  GWh,Imports -  GWh,Coal (Black) -  GWh,Bioenergy (Biomass) -  GWh,Distillate -  GWh,Gas (CCGT) -  GWh,Gas (OCGT) -  GWh,Battery (Discharging) -  GWh,Hydro -  GWh,Wind -  GWh,Solar (Utility) -  GWh,Solar (Rooftop) -  GWh,Temperature Max - C,Temperature Mean - C,Temperature Min - C,Exports Emissions Vol - tCO₂e,Imports Emissions Vol - tCO₂e,Coal (Black) Emissions Vol - tCO₂e,Bioenergy (Biomass) Emissions Vol - tCO₂e,Distillate Emissions Vol - tCO₂e,Gas (CCGT) Emissions Vol - tCO₂e,Gas (OCGT) Emissions Vol - tCO₂e,Emissions Intensity - kgCO₂e/MWh,Volume Weighted Price - AUD/MWh,Battery (Charging) Market Value - AUD,Pumps Market Value - AUD,Exports Market Value - AUD,Imports Market Value - AUD,Coal (Black) Market Value - AUD,Bioenergy (Biomass) Market Value - AUD,Distillate Market Value - AUD,Gas (CCGT) Market Value - AUD,Gas (OCGT) Market Value - AUD,Battery (Discharging) Market Value - AUD,Hydro Market Value - AUD,Wind Market Value - AUD,Solar (Utility) Market Value - AUD,Solar (Rooftop) Market Value - AUD
1998-12-01,0.00,-18.76,0.00,0.00,3897.78,0.00,0.06,64.61,0.00,0.00,377.83,0.00,0.00,0.00,32.60,21.94,13.90,0.00,0.00,3584631.96,0.00,38.83,46233.31,2.91,0.00,20.16,0.00,0.00,0.00,0.00,0.00,0.00,0.00,0.00,0.00,0.00,0.00,0.00,0.00,0.00
1999-01-01,0.00,-1.79,0.00,0.00,4881.90,0.00,0.00,83.11,0.00,0.00,467.86,0.00,0.00,0.00,31.10,23.42,18.30,0.00,0.00,4497421.12,0.00,0.00,59472.39,0.00,0.00,23.13,0.00,0.00,0.00,0.00,0.00,0.00,0.00,0.00,0.00,0.00,0.00,0.00,0.00,0.00
1999-02-01,0.00,-2.32,0.00,0.00,4552.35,0.00,0.05,79.01,0.30,0.00,389.11,0.00,0.00,0.00,30.20,22.52,15.50,0.00,0.00,4189060.75,0.00,33.30,56474.56,261.45,0.00,20.90,0.00,0.00,0.00,0.00,0.00,0.00,0.00,0.00,0.00,0.00,0.00,0.00,0.00,0.00
1999-03-01,0.00,-10.30,0.00,0.00,4924.53,0.00,0.02,88.35,0.01,0.00,380.64,0.00,0.00,0.00,30.40,22.14,11.50,0.00,0.00,4532843.62,0.00,14.21,63220.59,4.58,0.00,19.84,0.00,0.00,0.00,0.00,0.00,0.00,0.00,0.00,0.00,0.00,0.00,0.00,0.00,0.00
1999-04-01,0.00,-3.27,0.00,0.00,4671.74,0.00,0.07,81.47,0.00,0.00,378.26,0.00,0.00,0.00,27.10,17.15,10.50,0.00,0.00,4281966.05,0.00,45.89,58296.41,0.00,0.00,28.43,0.00,0.00,0.00,0.00,0.00,0.00,0.00,0.00,0.00,0.00,0.00,0.00,0.00,0.00
1999-05-01,0.00,-33.09,0.00,0.00,5303.49,0.00,0.00,85.77,0.00,0.00,377.44,0.00,0.00,0.00,23.50,16.04,6.80,0.00,0.00,4847790.34,0.00,0.00,61375.86,0.00,0.00,28.45,0.00,0.00,0.00,0.00,0.00,0.00,0.00,0.00,0.00,0.00,0.00,0.00,0.00,0.00
1999-06-01,0.00,-23.41,0.00,0.00,5622.69,0.00,0.00,83.95,0.05,0.00,345.90,0.00,0.00,0.00,19.70,13.32,6.50,0.00,0.00,5155960.44,0.00,1.09,60064.59,43.47,0.00,31.01,0.00,0.00,0.00,0.00,0.00,0.00,0.00,0.00,0.00,0.00,0.00,0.00,0.00,0.00
1999-07-01,0.00,-28.75,0.00,0.00,5499.55,0.00,0.00,86.82,0.03,0.00,459.79,0.00,0.00,0.00,21.20,13.08,7.00,0.00,0.00,5055901.00,0.00,0.00,62130.80,29.67,0.00,24.93,0.00,0.00,0.00,0.00,0.00,0.00,0.00,0.00,0.00,0.00,0.00,0.00,0.00,0.00
1999-08-01,0.00,-0.09,0.00,0.00,5413.74,0.00,0.00,86.09,0.00,0.00,392.76,0.00,0.00,0.00,25.00,13.99,6.30,0.00,0.00,4979802.92,0.00,0.00,61605.74,0.00,0.00,25.34,0.00,0.00,0.00,0.00,0.00,0.00,0.00,0.00,0.00,0.00,0.00,0.00,0.00,0.00
1999-09-01,0.00,0.00,0.00,0.00,4944.88,0.00,0.00,85.56,0.07,0.00,338.06,0.00,0.00,0.00,27.30,16.23,7.70,0.00,0.00,4566607.50,0.00,0.00,61163.17,60.06,0.00,19.93,0.00,0.00,0.00,0.00,0.00,0.00,0.00,0.00,0.00,0.00,0.00,0.00,0.00,0.00
1999-10-01,0.00,-2.05,0.00,0.00,4806.16,0.00,0.02,84.26,0.00,0.00,374.71,0.00,0.00,0.00,32.10,18.43,10.90,0.00,0.00,4419964.73,0.00,15.24,60295.62,0.00,0.00,21.40,0.00,0.00,0.00,0.00,0.00,0.00,0.00,0.00,0.00,0.00,0.00,0.00,0.00,0.00
1999-11-01,0.00,-3.08,0.00,0.00,4652.38,0.00,0.00,81.14,0.01,0.00,397.13,0.00,0.00,0.00,31.00,18.20,10.80,0.00,0.00,4285604.56,0.00,0.00,58023.78,6.25,0.00,21.97,0.00,0.00,0.00,0.00,0.00,0.00,0.00,0.00,0.00,0.00,0.00,0.00,0.00,0.00
1999-12-01,0.00,-26.73,0.00,0.00,4729.63,0.00,0.00,85.73,0.01,0.00,364.77,0.00,0.00,0.00,26.50,20.36,13.70,0.00,0.00,4363410.92,0.00,0.00,61282.85,5.96,0.00,17.90,0.00,188563.96,0.00,0.00,23601422.48,0.00,0.00,431117.79,28.17,0.00,2177036.73,0.00,0.00,0.00
2000-01-01,0.00,-5.60,0.00,0.00,4992.59,0.00,0.00,85.70,0.02,0.00,342.48,0.00,0.00,0.00,34.70,20.90,14.80,0.00,0.00,4609472.08,0.00,0.00,60927.61,16.38,0.00,32.94,0.00,28402.39,0.00,0.00,46542867.04,0.00,0.00,817635.94,539.06,0.00,3014563.68,0.00,0.00,0.00
2000-02-01,0.00,-43.09,0.00,0.00,4956.27,0.00,0.01,85.08,0.20,0.00,480.32,0.00,0.00,0.00,32.90,23.03,16.40,0.00,0.00,4551098.16,0.00,10.12,60388.56,177.35,0.00,49.23,0.00,333540.37,0.00,0.00,56829300.16,0.00,70.02,1018135.28,4367.51,0.00,8343464.34,0.00,0.00,0.00
2000-03-01,0.00,-10.81,0.00,0.00,5093.12,0.00,0.00,89.00,0.00,0.00,431.98,0.00,0.00,0.00,30.00,21.46,16.10,0.00,0.00,4691977.37,0.00,0.00,63574.26,0.00,0.00,31.61,0.00,86864.69,0.00,0.00,40480219.31,0.00,0.00,723896.92,0.00,0.00,3841144.42,0.00,0.00,0.00
2000-04-01,0.00,-10.05,0.00,0.00,4687.49,0.00,0.00,76.79,0.00,0.00,324.69,0.00,0.00,0.00,28.80,18.85,9.20,0.00,0.00,4303200.82,0.00,0.00,54952.79,0.00,0.00,27.02,0.00,147242.12,0.00,0.00,34188221.17,0.00,0.00,564248.50,0.00,0.00,2121986.00,0.00,0.00,0.00
2000-05-01,0.00,-18.79,0.00,0.00,5553.11,0.00,0.00,88.52,0.05,0.00,363.58,0.00,0.00,0.00,25.40,15.49,7.50,0.00,0.00,5119107.29,0.00,0.00,63344.92,45.61,0.00,58.05,0.00,143640.28,0.00,0.00,61232958.11,0.00,0.00,957666.75,3763.78,0.00,6263094.61,0.00,0.00,0.00
2000-06-01,0.00,-35.20,0.00,0.00,5891.44,0.00,0.16,84.24,0.33,0.00,510.00,0.00,0.00,0.00,22.10,12.37,5.70,0.00,0.00,5417810.30,0.00,114.67,60283.06,286.43,0.00,43.70,0.00,243364.07,0.00,0.00,50874914.94,0.00,2438.96,719840.60,5409.10,0.00,5101512.96,0.00,0.00,0.00
2000-07-01,0.00,-74.67,0.00,0.00,6067.30,0.00,0.00,88.84,0.01,0.00,644.90,0.00,0.00,0.00,23.50,12.67,5.80,0.00,0.00,5585159.12,0.00,0.00,63572.68,11.40,0.00,46.86,0.00,662482.15,0.00,0.00,63568409.50,0.00,0.00,961440.87,135.55,0.00,8053512.98,0.00,0.00,0.00
2000-08-01,0.00,-103.41,0.00,0.00,6137.46,0.00,0.00,92.06,0.17,0.00,663.76,0.00,0.00,0.00,21.90,13.39,6.10,0.00,0.00,5645292.38,0.00,0.00,65877.89,151.86,0.00,54.88,0.00,811971.04,0.00,0.00,68152936.76,0.00,0.00,1015475.82,4410.18,0.00,7931314.32,0.00,0.00,0.00
2000-09-01,0.00,-16.36,0.00,0.00,5087.59,0.00,0.00,89.88,0.00,0.00,575.16,0.00,0.00,0.00,34.40,17.15,8.90,0.00,0.00,4722065.65,0.00,0.00,64319.38,0.00,0.00,25.16,0.00,62901.50,0.00,0.00,32346788.81,0.00,0.00,572260.75,0.00,0.00,3831239.20,0.00,0.00,0.00
2000-10-01,0.00,-3.37,0.00,0.00,5033.99,0.00,0.00,85.08,0.00,0.00,457.75,0.00,0.00,0.00,35.00,18.28,11.00,0.00,0.00,4725420.51,0.00,0.00,60884.49,0.00,0.00,30.45,0.00,15505.50,0.00,0.00,35407055.44,0.00,0.00,583331.98,0.00,0.00,3408369.43,0.00,0.00,0.00
2000-11-01,0.00,-64.85,0.00,0.00,5161.79,0.00,0.00,81.64,0.02,0.00,272.92,0.00,0.00,0.00,32.80,19.86,14.30,0.00,0.00,4776073.72,0.00,0.00,58421.00,20.70,0.00,32.01,0.00,266157.45,0.00,0.00,41236589.97,0.00,0.00,663268.08,267.49,0.00,2368351.51,0.00,0.00,0.00
2000-12-01,0.00,-97.44,0.00,0.00,5169.49,0.00,0.05,83.44,0.00,0.00,238.76,0.00,0.00,0.00,38.10,22.96,12.50,0.00,0.00,4760180.04,0.00,33.95,59710.02,0.00,0.00,26.64,0.00,479339.91,0.00,0.00,33451791.13,0.00,122.68,557341.23,0.00,0.00,1799912.93,0.00,0.00,0.00
2001-01-01,0.00,-126.50,0.00,0.00,5303.28,0.00,0.00,85.20,0.46,0.00,339.98,0.00,0.00,0.00,31.60,23.41,16.50,0.00,0.00,4867328.17,0.00,0.00,60966.99,404.67,0.00,77.99,0.00,901558.60,0.00,0.00,120715686.35,0.00,0.00,2069401.20,164670.81,0.00,22867662.63,0.00,0.00,0.00
2001-02-01,0.00,-100.07,0.00,0.00,5004.77,0.00,0.01,76.95,0.00,0.00,293.80,0.00,0.00,0.00,32.00,23.34,16.70,0.00,0.00,4602007.83,0.00,5.29,55063.77,0.00,0.00,33.91,0.00,528412.46,0.00,0.00,44781077.50,0.00,0.00,734064.83,0.00,0.00,3647937.72,0.00,0.00,0.00
2001-03-01,0.00,-64.11,0.00,0.00,5252.43,0.00,0.00,86.31,0.00,0.00,298.46,0.00,0.00,0.00,29.50,21.64,14.60,0.00,0.00,4896700.41,0.00,0.00,61761.05,0.00,0.00,32.25,0.00,329440.20,0.00,0.00,40371663.17,0.00,0.00,668605.98,0.00,0.00,2566252.80,0.00,0.00,0.00
2001-04-01,0.00,-49.14,0.00,0.00,4685.71,0.00,0.00,79.24,0.01,0.00,233.84,0.00,0.00,0.00,29.50,19.13,10.60,0.00,0.00,4344915.65,0.00,0.00,56704.36,6.46,0.00,31.03,0.00,246200.13,0.00,0.00,33574378.94,0.00,0.00,581363.07,25.09,0.00,1887625.80,0.00,0.00,0.00
2001-05-01,0.00,-4.54,0.00,0.00,5292.14,0.00,0.03,88.23,0.00,0.00,564.08,0.00,0.00,0.00,24.80,14.75,7.90,0.00,0.00,4884414.97,0.00,19.12,63138.89,0.00,0.00,36.76,0.00,29288.79,0.00,0.00,49054593.30,0.00,197.53,811281.62,0.00,0.00,5627996.85,0.00,0.00,0.00
2001-06-01,0.00,-7.25,0.00,0.00,5524.62,0.00,0.00,82.45,0.00,0.00,494.70,0.00,0.00,0.00,21.60,13.99,7.30,0.00,0.00,5114558.74,0.00,0.00,59003.35,0.00,0.00,31.23,0.00,45855.45,0.00,0.00,44138196.88,0.00,0.00,657986.23,0.00,0.00,4321378.23,0.00,0.00,0.00
2001-07-01,0.00,-0.57,0.00,0.00,5752.36,0.00,0.00,86.90,0.00,0.00,280.82,0.00,0.00,0.00,20.30,13.03,5.90,0.00,0.00,5330573.29,0.00,0.00,62188.64,0.00,0.00,29.38,0.00,1333.06,0.00,0.00,40651364.25,0.00,0.00,644400.72,0.00,0.00,2127894.63,0.00,0.00,0.00
2001-08-01,0.00,0.00,0.00,0.00,5382.05,0.00,0.00,88.26,0.00,0.00,190.49,0.00,0.00,0.00,24.70,13.59,6.50,0.00,0.00,4975539.48,0.00,0.00,63155.59,0.00,0.00,36.93,0.00,0.00,0.00,0.00,45263225.31,0.00,0.00,736841.04,0.00,0.00,2542482.46,0.00,0.00,0.00
2001-09-01,0.00,-1.09,0.00,0.00,4774.77,0.00,0.00,82.49,0.00,0.00,221.03,0.00,0.00,0.00,30.00,17.09,9.30,0.00,0.00,4440614.91,0.00,0.00,59032.27,0.00,0.00,26.53,0.00,2069.53,0.00,0.00,31711807.24,0.00,0.00,572671.79,0.00,0.00,1566734.49,0.00,0.00,0.00
2001-10-01,0.00,-27.49,0.00,0.00,5015.83,0.00,0.00,86.71,0.00,0.00,227.65,0.00,0.00,0.00,30.90,18.43,10.00,0.00,0.00,4666922.85,0.00,0.00,62047.32,0.00,0.00,29.60,0.00,265527.81,0.00,0.00,34713817.47,0.00,0.00,598111.40,0.00,0.00,1793668.39,0.00,0.00,0.00
2001-11-01,0.00,-8.74,0.00,0.00,5117.22,0.00,0.00,90.84,0.00,0.00,166.91,0.00,0.00,0.00,33.10,18.97,10.80,0.00,0.00,4753125.71,0.00,0.00,65001.96,0.00,0.00,25.66,0.00,68472.75,0.00,0.00,33121652.74,0.00,0.00,592209.65,0.00,0.00,1383869.74,0.00,0.00,0.00
2001-12-01,0.00,-6.46,0.00,0.00,5174.43,0.00,0.00,83.60,0.00,0.00,171.99,0.00,0.00,0.00,35.80,21.70,14.80,0.00,0.00,4752071.91,0.00,0.00,59824.94,0.00,0.00,35.65,0.00,76156.36,0.00,0.00,70470352.72,0.00,0.00,1233422.15,0.00,0.00,6897922.23,0.00,0.00,0.00
2002-01-01,0.00,-7.47,0.00,0.00,5346.43,0.00,0.00,86.25,0.00,0.00,145.59,0.00,0.00,0.00,36.80,22.85,16.00,0.00,0.00,4929220.95,0.00,0.00,61724.11,0.00,0.00,41.93,0.00,27985.51,0.00,0.00,47306798.61,0.00,0.00,767551.85,0.00,0.00,1358286.78,0.00,0.00,0.00
2002-02-01,0.00,-11.38,0.00,0.00,4831.82,0.00,0.00,80.42,0.00,0.00,167.38,0.00,0.00,0.00,30.30,21.76,16.20,0.00,0.00,4451601.07,0.00,0.00,57544.98,0.00,0.00,41.16,0.00,91443.70,0.00,0.00,44087824.73,0.00,0.00,797063.85,0.00,0.00,2141240.82,0.00,0.00,0.00
2002-03-01,0.00,-4.79,0.00,0.00,5249.42,0.00,0.00,84.72,0.00,0.00,166.31,0.00,0.00,0.00,35.60,21.40,15.80,0.00,0.00,4849089.68,0.00,0.00,60623.41,0.00,0.00,36.55,0.00,15194.33,0.00,0.00,41271451.67,0.00,0.00,668898.48,0.00,0.00,1647905.87,0.00,0.00,0.00
2002-04-01,0.00,0.00,0.00,0.00,5053.21,0.00,0.01,82.71,0.00,0.00,162.46,0.00,0.00,0.00,27.50,19.59,13.50,0.00,0.00,4672540.59,0.00,10.06,59185.88,0.00,0.00,40.02,0.00,0.00,0.00,0.00,44896755.50,0.00,517.83,748016.84,0.00,0.00,2096037.34,0.00,0.00,0.00
2002-05-01,0.00,-0.61,0.00,0.00,5534.39,0.00,0.00,88.84,0.00,0.00,246.51,0.00,0.00,0.00,25.50,15.33,9.40,0.00,0.00,5097101.39,0.00,0.00,63575.10,0.00,0.00,87.15,0.00,3126.88,0.00,0.00,144819763.51,0.00,0.00,2045073.03,0.00,0.00,21372649.69,0.00,0.00,0.00
2002-06-01,0.00,-4.22,0.00,0.00,5484.73,0.00,0.00,81.97,0.00,0.00,229.53,0.00,0.00,0.00,23.40,13.29,6.00,0.00,0.00,5065248.76,0.00,0.00,58659.57,0.00,0.00,63.46,0.00,23200.76,0.00,0.00,77319588.98,0.00,0.00,1217515.24,0.00,0.00,9027157.08,0.00,0.00,0.00
2002-07-01,0.00,-13.84,0.00,0.00,5901.35,0.00,0.01,88.99,0.00,0.00,274.98,0.00,0.00,0.00,21.20,12.37,4.30,0.00,0.00,5460753.65,0.00,5.24,63680.65,0.00,0.00,48.45,0.00,101487.14,0.00,0.00,72588880.26,0.00,12.38,1128637.32,0.00,0.00,6029025.24,0.00,0.00,0.00
2002-08-01,0.00,-0.91,0.00,0.00,5630.31,0.00,0.00,87.70,0.00,0.00,187.65,0.00,0.00,0.00,26.70,14.05,6.80,0.00,0.00,5202348.51,0.00,0.00,62758.14,0.00,0.00,31.20,0.00,2812.72,0.00,0.00,44244768.51,0.00,0.00,688419.56,0.00,0.00,2196801.81,0.00,0.00,0.00
2002-09-01,0.00,-9.65,0.00,0.00,4818.56,0.00,0.00,69.80,0.00,0.00,165.75,0.00,0.00,0.00,30.30,17.01,7.20,0.00,0.00,4471334.90,0.00,0.00,49947.09,0.00,0.00,33.08,0.00,39871.57,0.00,0.00,39671150.07,0.00,0.00,602667.66,0.00,0.00,1876418.58,0.00,0.00,0.00
2002-10-01,0.00,-10.09,0.00,0.00,4981.01,0.00,0.09,73.62,0.00,0.00,251.01,0.00,0.00,0.00,33.60,18.92,9.90,0.00,0.00,4605352.70,0.00,62.46,52681.59,0.00,0.00,30.38,0.00,71658.22,0.00,0.00,34212667.75,0.00,731.20,505440.10,0.00,0.00,1569601.38,0.00,0.00,0.00
2002-11-01,0.00,-9.53,0.00,0.00,4881.04,0.00,0.14,80.05,0.00,0.00,128.93,0.00,0.00,0.00,37.50,20.60,12.60,0.00,0.00,4505152.20,0.00,97.68,57281.45,0.00,0.00,42.48,0.00,58372.74,0.00,0.00,50477750.06,0.00,1390.68,902595.88,0.00,0.00,3716220.03,0.00,0.00,0.00
2002-12-01,0.00,-17.71,0.00,0.00,5005.97,0.00,0.21,80.21,0.00,0.00,185.76,0.00,0.00,0.00,35.60,21.41,13.90,0.00,0.00,4624956.00,0.00,147.49,57401.65,0.00,0.00,34.17,0.00,58841.70,0.00,0.00,36927257.36,0.00,1431.22,590956.94,0.00,0.00,1788799.95,0.00,0.00,0.00
2003-01-01,0.00,-20.39,0.00,0.00,5016.78,0.00,0.20,81.97,0.00,0.00,322.44,0.00,0.00,0.00,38.60,22.88,16.20,0.00,0.00,4634401.02,0.00,141.37,58660.19,0.00,0.00,59.14,0.00,61093.26,0.00,0.00,62671838.99,0.00,10022.68,1031992.37,0.00,0.00,6870593.32,0.00,0.00,0.00
2003-02-01,0.00,-3.67,0.00,0.00,4752.22,0.00,0.12,77.37,0.00,0.00,227.71,0.00,0.00,0.00,31.20,23.28,18.70,0.00,0.00,4388012.72,0.00,87.55,55363.62,0.00,0.00,28.16,0.00,6257.07,0.00,0.00,25912382.20,0.00,642.12,457364.10,0.00,0.00,1581976.46,0.00,0.00,0.00
2003-03-01,0.00,-0.01,0.00,0.00,5046.61,0.00,0.12,78.73,0.00,0.00,139.08,0.00,0.00,0.00,30.00,20.83,13.90,0.00,0.00,4639572.93,0.00,85.15,56336.71,0.00,0.00,19.23,0.00,49.61,0.00,0.00,23146842.76,0.00,553.02,357530.92,0.00,0.00,635469.82,0.00,0.00,0.00
2003-04-01,0.00,-10.42,0.00,0.00,4777.61,0.00,0.10,81.90,0.00,0.00,70.63,0.00,0.00,0.00,26.60,18.22,11.90,0.00,0.00,4467963.13,0.00,73.04,58607.09,0.00,0.00,17.23,0.00,35224.08,0.00,0.00,19284226.76,0.00,402.97,343575.87,0.00,0.00,636105.41,0.00,0.00,0.00
2003-05-01,0.00,-16.25,0.00,0.00,5323.12,0.00,0.09,87.78,0.00,0.00,221.29,0.00,0.00,0.00,26.40,16.16,9.60,0.00,0.00,4940938.38,0.00,63.92,62812.10,0.00,0.00,20.90,0.00,71782.19,0.00,0.00,27079758.47,0.00,457.85,452894.46,0.00,0.00,1385580.66,0.00,0.00,0.00
2003-06-01,0.00,-21.22,0.00,0.00,5525.73,0.00,0.07,87.91,0.00,0.00,260.92,0.00,0.00,0.00,24.70,14.45,7.40,0.00,0.00,5108620.87,0.00,51.21,62906.59,0.00,0.00,59.98,0.00,61956.63,0.00,0.00,54259773.79,0.00,699.88,949921.44,0.00,0.00,6028745.50,0.00,0.00,0.00
2003-07-01,0.00,-27.89,0.00,0.00,5858.60,0.00,0.08,88.44,0.00,0.00,363.11,0.00,0.00,0.00,23.60,12.67,4.90,0.00,0.00,5422115.17,0.00,54.50,63286.24,0.00,0.00,49.36,0.00,103704.69,0.00,0.00,54278196.02,0.00,529.51,905638.25,0.00,0.00,5849049.37,0.00,0.00,0.00
2003-08-01,0.00,-45.38,0.00,0.00,5625.80,0.00,0.07,85.03,0.00,0.00,379.57,0.00,0.00,0.00,24.80,13.69,5.30,0.00,0.00,5203932.75,0.00,46.70,60845.33,0.00,0.00,19.62,0.00,222371.51,0.00,0.00,28318588.41,0.00,292.98,417147.56,0.00,0.00,1886748.66,0.00,0.00,0.00
2003-09-01,0.00,-24.95,0.00,0.00,5123.01,0.00,0.11,83.26,0.00,0.00,322.79,0.00,0.00,0.00,32.20,16.88,7.70,0.00,0.00,4739877.24,0.00,76.73,59582.72,0.00,0.00,19.48,0.00,96603.40,0.00,0.00,24394983.19,0.00,441.20,418577.61,0.00,0.00,1887053.92,0.00,0.00,0.00
2003-10-01,0.00,-0.47,0.00,0.00,5153.69,0.00,0.10,77.53,0.00,0.00,404.52,0.00,0.00,0.00,29.00,16.47,8.00,0.00,0.00,4805122.51,0.00,70.49,55480.97,0.00,0.00,18.31,0.00,4065.44,0.00,0.00,23059935.37,0.00,420.28,349810.81,0.00,0.00,1848996.62,0.00,0.00,0.00
2003-11-01,0.00,-8.77,0.00,0.00,5115.69,0.00,0.11,81.94,0.00,0.00,368.48,0.00,0.00,0.00,28.50,18.61,10.90,0.00,0.00,4736198.86,0.00,76.11,58634.06,0.00,0.00,20.72,0.00,23202.98,0.00,0.00,24570235.07,0.00,495.50,397829.24,0.00,0.00,1901129.79,0.00,0.00,0.00
2003-12-01,0.00,-36.69,0.00,0.00,5391.50,0.00,0.15,84.05,0.00,0.00,273.70,0.00,0.00,0.00,36.80,21.79,15.70,0.00,0.00,4976381.76,0.00,108.20,60145.47,0.00,0.00,23.09,0.00,126274.19,0.00,0.00,28444091.40,0.00,721.54,467911.61,0.00,0.00,1963369.56,0.00,0.00,0.00
2004-01-01,0.00,-84.14,0.00,0.00,5473.26,0.00,0.12,82.76,0.00,0.00,82.26,0.00,0.00,0.00,32.80,23.11,16.50,0.00,0.00,5057309.56,0.00,87.92,59252.81,0.00,0.00,76.94,0.00,443060.12,0.00,0.00,71238399.48,0.00,1635.88,1203242.65,0.00,0.00,2543376.73,0.00,0.00,0.00
2004-02-01,0.00,-87.83,0.00,0.00,5353.21,0.00,0.00,79.80,0.00,0.00,152.32,0.00,0.00,0.00,36.30,23.21,15.90,0.00,0.00,4941858.55,0.00,0.00,57104.90,0.00,0.00,56.06,0.00,326140.97,0.00,0.00,57648247.99,0.00,0.00,861216.65,0.00,0.00,4491986.88,0.00,0.00,0.00
2004-03-01,0.00,-64.65,0.00,0.00,5330.03,0.00,0.05,87.97,0.00,0.00,92.15,0.00,0.00,0.00,39.10,21.85,14.70,0.00,0.00,4918798.14,0.00,35.12,62951.59,0.00,0.00,25.25,0.00,264930.23,0.00,0.00,33707516.73,0.00,223.81,545260.22,0.00,0.00,561882.03,0.00,0.00,0.00
2004-04-01,0.00,-85.10,0.00,0.00,5098.78,0.00,0.04,79.33,0.00,0.00,95.89,0.00,0.00,0.00,30.40,19.62,12.60,0.00,0.00,4703822.38,0.00,27.20,56783.39,0.00,0.00,31.52,0.00,463706.73,0.00,0.00,37485746.08,0.00,300.88,624667.98,0.00,0.00,1536577.19,0.00,0.00,0.00
2004-05-01,0.00,-71.32,0.00,0.00,5630.88,0.00,0.04,75.53,0.00,0.00,75.00,0.00,0.00,0.00,25.90,15.58,7.60,0.00,0.00,5213176.22,0.00,25.52,54049.62,0.00,0.00,34.32,0.00,441167.80,0.00,0.00,45485240.21,0.00,285.80,648071.27,0.00,0.00,865673.31,0.00,0.00,0.00
2004-06-01,0.00,-30.62,0.00,0.00,5925.61,0.00,0.04,83.22,0.00,0.00,37.59,0.00,0.00,0.00,24.70,14.01,7.50,0.00,0.00,5496650.44,0.00,26.90,59552.58,0.00,0.00,32.45,0.00,211456.47,0.00,0.00,45784670.06,0.00,296.21,644158.00,0.00,0.00,601029.28,0.00,0.00,0.00
2004-07-01,0.00,-24.79,0.00,0.00,6330.61,0.00,0.06,85.68,0.00,0.00,95.82,0.00,0.00,0.00,24.00,12.68,6.00,0.00,0.00,5859709.68,0.00,41.84,61309.46,0.00,0.00,47.36,0.00,101432.15,0.00,0.00,61339365.36,0.00,600.48,899741.93,0.00,0.00,3060017.62,0.00,0.00,0.00
2004-08-01,0.00,-18.32,0.00,0.00,6051.93,0.00,0.07,85.59,0.00,0.00,141.56,0.00,0.00,0.00,24.80,14.16,7.10,0.00,0.00,5603191.94,0.00,48.61,61248.01,0.00,0.00,31.29,0.00,65462.40,0.00,0.00,45679287.89,0.00,484.07,648574.82,0.00,0.00,1215445.34,0.00,0.00,0.00
2004-09-01,0.00,-26.49,0.00,0.00,5179.61,0.00,0.08,84.93,0.00,0.00,249.12,0.00,0.00,0.00,28.20,15.98,7.70,0.00,0.00,4808455.13,0.00,54.93,60776.66,0.00,0.00,87.78,0.00,175844.68,0.00,0.00,74337842.09,0.00,663.33,1442976.75,0.00,0.00,7123763.70,0.00,0.00,0.00
2004-10-01,0.00,-43.84,0.00,0.00,5250.10,0.00,0.06,82.68,0.00,0.00,221.22,0.00,0.00,0.00,38.10,18.27,11.30,0.00,0.00,4846614.93,0.00,45.40,59164.19,0.00,0.00,79.02,0.00,214293.16,0.00,0.00,70906817.23,0.00,832.52,1304972.74,0.00,0.00,8825594.45,0.00,0.00,0.00
2004-11-01,0.00,-63.75,0.00,0.00,5250.26,0.00,0.09,83.81,0.00,0.00,137.43,0.00,0.00,0.00,38.60,20.21,13.50,0.00,0.00,4853488.64,0.00,64.66,59976.38,0.00,0.00,98.82,0.00,376934.57,0.00,0.00,87999557.33,0.00,31943.28,1589291.65,0.00,0.00,10253100.44,0.00,0.00,0.00
2004-12-01,0.00,-113.18,0.00,0.00,5300.91,0.00,0.09,84.88,0.00,0.00,121.06,0.00,0.00,0.00,39.00,21.00,13.00,0.00,0.00,4927839.44,0.00,61.07,60741.42,0.00,0.00,32.26,0.00,631466.54,0.00,0.00,58220844.30,0.00,680.27,955253.49,0.00,0.00,1716659.53,0.00,0.00,0.00
2005-01-01,0.00,-42.49,0.00,0.00,5267.54,0.00,0.15,84.65,0.00,0.00,264.31,0.00,0.00,0.00,32.70,22.57,15.90,0.00,0.00,4886158.37,0.00,103.52,60576.82,0.00,0.00,47.64,0.00,310764.45,0.00,0.00,48389958.58,0.00,5646.90,827195.86,0.00,0.00,5477112.03,0.00,0.00,0.00
2005-02-01,0.00,-21.97,0.00,0.00,5035.69,0.00,0.04,78.85,0.00,0.00,297.38,0.00,0.00,0.00,38.00,22.65,13.70,0.00,0.00,4658956.17,0.00,31.43,56425.94,0.00,0.00,23.27,0.00,94269.96,0.00,0.00,33770428.82,0.00,288.71,581889.15,0.00,0.00,2517871.91,0.00,0.00,0.00
2005-03-01,0.00,-24.07,0.00,0.00,5290.26,0.00,0.05,87.69,0.00,0.00,74.17,0.00,0.00,0.00,28.90,20.18,12.10,0.00,0.00,4902874.18,0.00,33.83,62753.89,0.00,0.00,21.74,0.00,145959.50,0.00,0.00,26927075.16,0.00,251.09,433211.32,0.00,0.00,408852.36,0.00,0.00,0.00
2005-04-01,0.00,-11.28,0.00,0.00,4933.71,0.00,0.07,86.02,0.00,0.00,219.41,0.00,0.00,0.00,32.70,20.34,13.40,0.00,0.00,4595788.98,0.00,45.59,61554.04,0.00,0.00,4.70,0.00,40687.15,0.00,0.00,23919287.22,0.00,311.69,434468.73,0.00,0.00,1224920.86,0.00,0.00,0.00
2005-05-01,0.00,-28.69,0.00,0.00,5397.58,0.00,0.05,90.24,0.00,0.00,264.20,0.00,0.00,0.00,24.80,15.85,7.80,0.00,0.00,5017958.31,0.00,38.31,64572.71,0.00,0.00,4.41,0.00,123169.56,0.00,0.00,24820895.45,0.00,247.08,426802.38,0.00,0.00,1435990.73,0.00,0.00,0.00
2005-06-01,0.00,-19.46,0.00,0.00,5758.69,0.00,0.07,87.16,0.00,0.00,231.39,0.00,0.00,0.00,22.30,14.29,6.60,0.00,0.00,5348450.34,0.00,46.05,62372.64,0.00,0.00,4.78,0.00,88735.47,0.00,0.00,27902029.20,0.00,292.66,437453.23,0.00,0.00,1815011.29,0.00,0.00,0.00
2005-07-01,0.00,-53.68,0.00,0.00,6048.72,0.00,0.10,89.28,0.00,0.00,287.16,0.00,0.00,0.00,22.80,13.36,6.40,0.00,0.00,5616670.94,0.00,68.81,63890.73,0.00,0.00,8.28,0.00,440177.12,0.00,0.00,61102474.04,0.00,566.58,1023684.74,0.00,0.00,2867817.54,0.00,0.00,0.00
2005-08-01,0.00,-39.96,0.00,0.00,5990.78,0.00,0.06,93.19,0.00,0.00,269.67,0.00,0.00,0.00,25.40,13.84,5.20,0.00,0.00,5574867.06,0.00,39.58,66684.80,0.00,0.00,5.85,0.00,244325.60,0.00,0.00,36755432.46,0.00,315.14,646468.13,0.00,0.00,2032258.51,0.00,0.00,0.00
2005-09-01,0.00,-18.36,0.00,0.00,5147.92,0.00,0.18,88.91,0.00,0.00,289.74,0.00,0.00,0.00,27.20,15.93,8.70,0.00,0.00,4775992.81,0.00,125.07,63621.76,0.00,0.00,7.37,0.00,186979.33,0.00,0.00,44659850.42,0.00,1103.38,659272.62,0.00,0.00,1885197.03,0.00,0.00,0.00
2005-10-01,0.00,-12.37,0.00,0.00,5074.56,0.00,0.11,85.91,0.00,0.00,330.31,0.00,0.00,0.00,33.70,19.42,11.40,0.00,0.00,4728366.10,0.00,77.30,61478.01,0.00,0.00,8.54,0.00,37319.27,0.00,0.00,52184487.22,0.00,1010.63,1047500.32,0.00,0.00,5075096.76,0.00,0.00,0.00
2005-11-01,0.00,-47.01,0.00,0.00,5086.01,0.00,0.06,87.26,0.00,0.00,332.66,0.00,0.00,0.00,33.20,19.90,11.10,0.00,0.00,4742579.56,0.00,43.88,62443.54,0.00,0.00,3.77,0.00,153932.60,0.00,0.00,19473990.72,0.00,238.20,347011.57,0.00,0.00,1417432.00,0.00,0.00,0.00
2005-12-01,0.00,-33.04,0.00,0.00,5372.87,0.00,0.08,86.83,0.00,0.00,283.81,0.00,0.00,0.00,38.90,23.09,15.40,0.00,0.00,4988627.17,0.00,58.45,62135.35,0.00,0.00,6.39,0.00,107840.70,0.00,0.00,39807216.40,0.00,444.86,679162.21,0.00,0.00,4871068.45,0.00,0.00,0.00
2006-01-01,0.00,-68.63,0.00,0.00,5684.86,0.00,0.06,86.11,0.00,0.00,320.71,0.00,0.00,0.00,44.00,23.30,18.30,0.00,0.00,5273650.43,0.00,43.60,61623.15,0.00,0.00,4.46,0.00,232003.04,0.00,0.00,28249787.24,0.00,315.23,424715.75,0.00,0.00,2463940.67,0.00,0.00,0.00
2006-02-01,0.00,-33.27,0.00,0.00,5312.96,0.00,0.08,79.98,0.00,0.00,253.97,0.00,0.00,0.00,32.40,23.58,16.90,0.00,0.00,4944291.07,0.00,59.58,57236.01,0.00,0.00,10.14,0.00,102473.76,0.00,0.00,65235918.13,0.00,839.72,1092982.15,0.00,0.00,11322719.78,0.00,0.00,0.00
2006-03-01,0.00,-20.03,0.00,0.00,5496.18,0.00,0.04,87.26,0.00,0.00,302.19,0.00,0.00,0.00,34.30,22.56,15.70,0.00,0.00,5113412.69,0.00,28.83,62441.84,0.00,0.00,3.92,0.00,66026.95,0.00,0.00,22871099.64,0.00,182.02,376403.71,0.00,0.00,1470012.33,0.00,0.00,0.00
2006-04-01,0.00,0.00,0.00,0.00,5138.87,0.00,0.04,81.32,0.00,0.00,240.57,0.00,0.00,0.00,32.80,18.72,9.30,0.00,0.00,4765399.66,0.00,28.39,58195.59,0.00,0.00,3.66,0.00,0.00,0.00,0.00,19446261.32,0.00,100.61,314046.75,0.00,0.00,1057609.63,0.00,0.00,0.00
2006-05-01,0.00,-1.32,0.00,0.00,5984.73,0.00,0.09,71.79,0.00,0.00,184.30,0.00,0.00,0.00,26.00,15.31,8.40,0.00,0.00,5553168.78,0.00,60.95,51371.86,0.00,0.00,4.53,0.00,6520.99,0.00,0.00,27322454.36,0.00,285.98,325133.02,0.00,0.00,1531268.58,0.00,0.00,0.00
2006-06-01,0.00,-31.28,0.00,0.00,6414.66,0.00,0.06,78.88,0.00,0.00,243.04,0.00,0.00,0.00,19.40,12.10,5.80,0.00,0.00,5961311.50,0.00,45.16,56446.78,0.00,0.00,5.09,0.00,142149.17,0.00,0.00,33486911.78,0.00,344.38,430525.18,0.00,0.00,1685760.50,0.00,0.00,0.00
2006-07-01,0.00,-55.23,0.00,0.00,6222.09,0.00,0.13,89.17,0.00,0.00,215.68,0.00,0.00,0.00,22.90,12.85,5.80,0.00,0.00,5784972.49,0.00,93.61,63808.02,0.00,0.00,7.49,0.00,227127.11,0.00,0.00,45807480.03,0.00,603.97,754263.29,0.00,0.00,4352870.03,0.00,0.00,0.00
2006-08-01,0.00,-60.27,0.00,0.00,6268.72,0.00,0.04,91.62,0.00,0.00,98.77,0.00,0.00,0.00,25.30,14.12,6.90,0.00,0.00,5831249.66,0.00,26.53,65560.38,0.00,0.00,4.55,0.00,232323.96,0.00,0.00,29192929.14,0.00,264.49,439925.09,0.00,0.00,576883.37,0.00,0.00,0.00
2006-09-01,0.00,-33.93,0.00,0.00,5526.22,0.00,0.04,80.91,0.00,0.00,118.41,0.00,0.00,0.00,33.50,17.74,9.10,0.00,0.00,5121775.07,0.00,29.73,57900.94,0.00,0.00,4.36,0.00,140783.63,0.00,0.00,24915062.12,0.00,326.85,372186.56,0.00,0.00,603206.45,0.00,0.00,0.00
2006-10-01,0.00,-44.17,0.00,0.00,5574.57,0.00,0.04,87.82,0.00,0.00,83.33,0.00,0.00,0.00,35.70,18.69,9.60,0.00,0.00,5162222.40,0.00,25.36,62845.59,0.00,0.00,4.43,0.00,164965.54,0.00,0.00,25812436.29,0.00,269.04,415011.27,0.00,0.00,440196.87,0.00,0.00,0.00
2006-11-01,0.00,-65.96,0.00,0.00,5545.47,0.00,0.04,86.76,0.00,0.00,142.73,0.00,0.00,0.00,38.00,19.80,8.30,0.00,0.00,5131170.67,0.00,29.26,62084.17,0.00,0.00,5.32,0.00,194437.91,0.00,0.00,31638641.97,0.00,224.11,523439.75,0.00,0.00,1463520.14,0.00,0.00,0.00
2006-12-01,0.00,-110.75,0.00,0.00,5522.36,0.00,0.02,82.93,0.00,0.00,109.71,0.00,0.00,0.00,32.30,20.54,13.40,0.00,0.00,5134848.99,0.00,14.84,59345.25,0.00,0.00,3.66,0.00,343181.61,0.00,0.00,21280969.72,0.00,106.60,320225.60,0.00,0.00,550671.93,0.00,0.00,0.00
2007-01-01,0.00,-140.85,0.00,0.00,5998.33,0.00,0.00,86.41,0.00,0.00,290.53,0.00,0.00,0.00,38.60,22.57,16.50,0.00,0.00,5585673.01,0.00,2.58,61833.88,0.00,0.00,7.56,0.00,659609.19,0.00,0.00,49202953.41,0.00,0.00,754915.18,0.00,0.00,4002334.57,0.00,0.00,0.00
2007-02-01,0.00,-168.59,0.00,0.00,5508.43,0.00,0.04,79.36,0.00,0.00,225.03,0.00,0.00,0.00,27.30,22.98,17.80,0.00,0.00,5131957.05,0.00,25.02,56786.60,0.00,0.00,7.90,0.00,861450.07,0.00,0.00,47368440.64,0.00,174.27,713481.23,0.00,0.00,3100934.01,0.00,0.00,0.00
2007-03-01,0.00,-168.20,0.00,0.00,5781.99,0.00,0.02,83.46,0.00,0.00,206.78,0.00,0.00,0.00,34.50,22.08,14.10,0.00,0.00,5364358.24,0.00,11.51,59725.57,0.00,0.00,8.89,0.00,964968.12,0.00,0.00,55353711.31,0.00,300.20,774642.25,0.00,0.00,3311577.12,0.00,0.00,0.00
2007-04-01,0.00,-125.58,0.00,0.00,4987.54,0.00,0.00,81.66,0.00,0.00,145.41,0.00,0.00,0.00,26.60,18.89,12.70,0.00,0.00,4652956.80,0.00,0.00,58432.40,0.00,0.00,12.08,0.00,988259.98,0.00,0.00,61986604.97,0.00,0.00,1094386.68,0.00,0.00,2661056.86,0.00,0.00,0.00
2007-05-01,0.00,-116.43,0.00,0.00,5758.47,0.00,0.00,90.41,0.00,0.00,168.39,0.00,0.00,0.00,28.20,17.55,7.80,0.00,0.00,5371169.31,0.00,0.00,64699.21,0.00,0.00,9.73,0.00,748275.87,0.00,0.00,57750366.41,0.00,0.00,946055.91,0.00,0.00,2167357.10,0.00,0.00,0.00
2007-06-01,0.00,-98.66,0.00,0.00,6042.51,0.00,0.00,84.45,0.00,0.00,239.53,0.00,0.00,0.00,20.50,12.60,5.00,0.00,0.00,5658646.98,0.00,0.00,60435.85,0.00,0.00,39.56,0.00,839549.87,0.00,0.00,229481173.64,0.00,0.00,3882517.42,0.00,0.00,29363689.58,0.00,0.00,0.00
2007-07-01,0.00,-133.45,0.00,0.00,7060.61,0.00,0.00,87.83,0.00,0.00,190.61,0.00,0.00,0.00,23.20,12.11,3.70,0.00,0.00,6619141.18,0.00,0.00,62853.64,0.00,0.00,10.83,0.00,746803.84,0.00,0.00,78191884.08,0.00,0.00,1043165.27,0.00,0.00,3406431.51,0.00,0.00,0.00
2007-08-01,0.00,-130.52,0.00,0.00,6497.07,0.00,0.00,89.87,0.00,0.00,116.86,0.00,0.00,0.00,27.30,15.38,7.00,0.00,0.00,6097027.98,0.00,0.00,64312.03,0.00,0.00,7.07,0.00,641503.86,0.00,0.00,47450881.96,0.00,0.00,677334.11,0.00,0.00,1110729.12,0.00,0.00,0.00
2007-09-01,0.00,-126.15,0.00,0.00,5701.59,0.00,0.10,82.84,0.00,0.00,177.51,0.00,0.00,0.00,28.50,16.39,8.90,0.00,0.00,5278915.93,0.00,69.84,59276.90,0.00,0.00,8.59,0.00,668915.45,0.00,0.00,50246904.21,0.00,1185.86,738496.98,0.00,0.00,2213703.08,0.00,0.00,0.00
2007-10-01,0.00,-138.58,0.00,0.00,5850.92,0.00,0.00,84.36,0.00,0.00,160.69,0.00,0.00,0.00,34.60,19.70,10.60,0.00,0.00,5440001.25,0.00,0.00,60366.12,0.00,0.00,7.28,0.00,686336.18,0.00,0.00,44310137.02,0.00,0.00,696795.99,0.00,0.00,2430173.36,0.00,0.00,0.00
2007-11-01,0.00,-137.14,0.00,0.00,5792.59,0.00,0.02,86.81,0.00,0.00,159.36,0.00,0.00,0.00,26.00,20.13,14.10,0.00,0.00,5402122.28,0.00,13.28,62123.82,0.00,0.00,8.18,0.00,613716.49,0.00,0.00,51200869.82,0.00,249.52,838620.49,0.00,0.00,1951820.70,0.00,0.00,0.00
2007-12-01,0.00,-156.48,0.00,0.00,5792.45,0.00,0.00,83.42,0.00,0.00,156.54,0.00,0.00,0.00,29.60,21.31,14.90,0.00,0.00,5375060.72,0.00,0.00,59696.89,0.00,0.00,8.42,0.00,685600.62,0.00,0.00,51722452.72,0.00,0.00,760239.26,0.00,0.00,2073837.19,0.00,0.00,0.00
2008-01-01,0.00,-168.84,0.00,0.00,6119.22,0.00,0.00,86.60,0.00,0.00,179.51,0.00,0.00,0.00,29.80,22.84,16.00,0.00,0.00,5719776.66,0.00,0.00,61970.46,0.00,0.00,5.25,0.00,618082.78,0.00,0.00,34480155.52,0.00,0.00,499686.74,0.00,0.00,1441702.30,0.00,0.00,0.00
2008-02-01,0.00,-117.89,0.00,0.00,5594.89,0.00,0.00,82.92,0.00,0.00,178.80,0.00,0.00,0.00,28.70,21.10,14.60,0.00,0.00,5238062.77,0.00,0.00,59341.04,0.00,0.00,4.82,0.00,408763.43,0.00,0.00,28244661.63,0.00,0.00,427936.42,0.00,0.00,1045766.20,0.00,0.00,0.00
2008-03-01,0.00,-116.37,0.00,0.00,5783.86,0.00,0.04,76.98,0.00,0.00,212.89,0.00,0.00,0.00,27.80,21.09,12.80,0.00,0.00,5423562.26,0.00,28.54,55232.62,0.00,0.00,6.04,0.00,436503.97,0.00,0.00,37316432.92,0.00,212.97,539214.94,0.00,0.00,2395430.24,0.00,0.00,0.00
2008-04-01,0.00,-64.75,0.00,0.00,5707.61,0.00,0.03,61.83,0.00,0.00,165.01,0.00,0.00,0.00,28.10,17.32,8.40,0.00,0.00,5354137.74,0.00,24.53,44273.55,0.00,0.00,6.02,0.00,260396.87,0.00,0.00,35506783.30,0.00,292.50,393366.86,0.00,0.00,1250819.61,0.00,0.00,0.00
2008-05-01,0.00,-94.61,0.00,0.00,6140.61,0.00,0.05,88.96,0.00,0.00,238.51,0.00,0.00,0.00,22.90,15.28,8.90,0.00,0.00,5680636.56,0.00,36.23,63657.01,0.00,0.00,7.21,0.00,436696.17,0.00,0.00,45090269.62,0.00,418.67,689288.44,0.00,0.00,2269162.84,0.00,0.00,0.00
2008-06-01,0.00,-115.43,0.00,0.00,5968.09,0.00,0.06,82.97,0.00,0.00,220.04,0.00,0.00,0.00,22.00,14.71,8.00,0.00,0.00,5544037.31,0.00,42.54,59374.86,0.00,0.00,6.39,0.00,468210.65,0.00,0.00,39552539.10,0.00,323.77,569152.91,0.00,0.00,1844982.51,0.00,0.00,0.00
2008-07-01,0.00,-103.05,0.00,0.00,6744.71,0.00,0.00,90.49,0.00,0.00,162.91,0.00,0.00,0.00,22.80,12.21,5.50,0.00,0.00,6298464.14,0.00,0.00,64753.71,0.00,0.00,7.25,0.00,397462.84,0.00,0.00,50107351.77,0.00,0.00,713207.58,0.00,0.00,2821568.24,0.00,0.00,0.00
2008-08-01,0.00,-87.17,0.00,0.00,6693.78,0.00,0.03,87.36,0.00,0.00,133.30,0.00,0.00,0.00,21.10,12.15,5.30,0.00,0.00,6213255.94,0.00,20.79,62511.88,0.00,0.00,6.17,0.00,343212.62,0.00,0.00,42386649.04,0.00,136.41,571595.93,0.00,0.00,1193657.25,0.00,0.00,0.00
2008-09-01,0.00,-84.43,0.00,0.00,5678.99,0.00,0.04,87.02,0.00,0.00,112.25,0.00,0.00,0.00,32.90,16.49,7.00,0.00,0.00,5299091.87,0.00,29.08,62274.80,0.00,0.00,5.42,0.00,298688.10,0.00,0.00,31989584.05,0.00,244.39,513072.35,0.00,0.00,824188.66,0.00,0.00,0.00
2008-10-01,0.00,-116.98,0.00,0.00,5529.38,0.00,0.11,93.73,2.60,0.00,216.31,0.00,0.00,0.00,34.70,18.53,7.90,0.00,0.00,5171260.25,0.00,78.66,65255.01,1475.76,0.00,13.02,0.00,493023.16,0.00,0.00,75580367.40,0.00,71007.08,1536008.40,178964.64,0.00,13745688.55,0.00,0.00,0.00
2008-11-01,0.00,-138.37,0.00,0.00,5692.82,0.00,0.04,151.16,20.62,0.00,138.45,0.00,0.00,0.00,30.30,19.66,12.30,0.00,0.00,5327172.51,0.00,28.17,84914.72,11676.84,0.00,5.03,0.00,527705.21,0.00,0.00,29957363.54,0.00,231.33,773177.90,123646.91,0.00,893128.91,0.00,0.00,0.00
2008-12-01,0.00,-127.81,0.00,0.00,5583.97,0.00,0.03,141.43,19.33,0.00,124.00,0.00,0.00,0.00,34.30,21.39,14.30,0.00,0.00,5223524.62,0.00,18.59,82376.17,10947.42,0.00,4.39,0.00,429093.14,0.00,0.00,25742644.46,0.00,87.68,671326.29,111940.21,0.00,654159.53,0.00,0.00,0.00
2009-01-01,0.00,-6.71,0.00,0.00,6050.69,0.00,0.13,152.11,44.79,0.00,205.38,0.00,0.00,0.00,40.10,23.09,14.80,0.00,0.00,5669340.73,0.00,89.36,85616.86,25305.53,896.68,7.33,0.00,24909.39,0.00,0.00,51714193.51,0.00,17650.37,1764975.49,1474216.54,0.00,4961458.97,0.00,0.00,0.00
2009-02-01,0.00,-37.88,0.00,0.00,5597.62,0.00,0.03,184.91,32.52,0.00,154.74,0.00,0.00,0.00,33.00,22.16,16.50,0.00,0.00,5239159.88,0.00,23.28,96044.25,18381.24,902.51,6.73,0.00,151136.76,0.00,0.00,41231421.45,0.00,238.68,1496981.28,852356.56,0.00,2819438.21,0.00,0.00,0.00
2009-03-01,0.00,-4.77,0.00,0.00,5866.34,0.00,0.03,142.35,7.96,0.00,52.46,0.00,0.00,0.00,27.60,21.93,14.50,0.00,0.00,5463544.80,0.00,23.40,83243.22,4532.04,915.40,4.02,0.00,15178.40,0.00,0.00,25089724.24,0.00,161.82,670783.30,45185.26,0.00,300675.36,0.00,0.00,0.00
2009-04-01,0.00,0.00,0.00,0.00,5162.51,0.00,0.01,199.49,37.20,0.00,40.46,0.00,0.00,0.00,29.10,18.80,10.30,0.00,0.00,4812347.81,0.00,8.76,103015.51,21027.18,907.48,5.93,0.00,0.00,0.00,0.00,32199027.62,0.00,93.09,1430493.37,399028.60,0.00,420562.43,0.00,0.00,0.00
2009-05-01,0.00,0.00,0.00,0.00,5676.66,0.00,0.02,248.31,10.17,0.00,44.40,0.00,0.00,0.00,23.20,16.22,9.70,0.00,0.00,5314986.11,0.00,14.01,122373.35,5786.24,910.30,5.03,0.00,0.00,0.00,0.00,29467634.55,0.00,91.06,1360858.49,85368.23,0.00,314574.43,0.00,0.00,0.00
2009-06-01,0.00,0.00,0.00,13.63,5922.36,0.00,0.05,253.55,22.36,0.00,71.28,0.00,0.00,0.00,20.70,13.60,6.10,0.00,15111.58,5495920.37,0.00,34.88,123817.05,12817.57,898.85,5.92,0.00,0.00,0.00,0.00,34748826.57,0.00,224.46,1690941.19,632713.08,0.00,1697775.16,0.00,0.00,0.00
2009-07-01,0.00,-0.30,-73.82,679.91,6072.20,0.00,0.09,313.77,54.15,0.00,91.88,19.05,0.00,0.00,24.60,13.02,6.30,66088.50,684703.58,5616133.08,0.00,56.92,147809.62,32199.90,896.31,32.30,0.00,7965.37,0.00,0.00,193767838.86,0.00,10303.25,10953511.01,3806301.78,0.00,6962426.01,544428.13,0.00,0.00
2009-08-01,0.00,-25.27,-57.52,744.62,5669.93,0.00,0.06,290.06,30.41,0.00,52.31,38.38,0.00,0.00,25.50,15.26,5.90,51420.66,790062.05,5268781.15,0.00,45.57,138145.37,18592.87,914.17,24.47,0.00,469352.60,0.00,0.00,142763543.37,0.00,1549.66,7540414.63,818186.28,0.00,1698131.53,908489.64,0.00,0.00
2009-09-01,0.00,-8.05,-20.13,685.54,5102.30,0.00,3.04,269.31,20.28,0.00,52.35,41.39,0.00,0.00,32.00,17.63,9.60,17893.04,736665.49,4786380.19,0.00,1828.98,130170.59,11916.71,919.14,25.55,0.00,172148.94,0.00,0.00,133565201.62,0.00,79854.33,7268276.80,667833.97,0.00,1525364.65,1059843.80,0.00,0.00
2009-10-01,0.00,-19.12,-23.61,712.45,5110.58,0.00,0.00,301.70,38.17,0.00,125.33,38.39,0.00,0.00,34.10,17.41,8.90,20841.39,747227.74,4776580.80,0.00,0.00,138483.44,22776.86,901.39,27.24,0.00,380366.09,0.00,0.00,144196952.01,0.00,0.00,8773307.25,1313482.52,0.00,4132090.72,1067175.83,0.00,0.00
2009-11-01,0.00,-52.62,-83.06,583.79,5271.90,0.00,0.17,293.83,70.04,0.00,260.90,31.86,0.00,0.00,39.70,22.11,15.10,71934.47,598333.63,4872997.83,0.00,104.57,137880.63,40684.36,874.74,96.07,0.00,1059843.76,0.00,0.00,589936083.37,0.00,645880.30,37913734.73,39716561.85,0.00,118549458.00,6755034.21,0.00,0.00
2009-12-01,0.00,-75.10,-67.32,813.49,5273.62,0.00,0.33,260.61,40.36,0.00,228.81,32.45,0.00,0.00,31.80,21.86,13.50,57746.00,850520.81,4856174.28,0.00,197.18,126638.41,23544.88,891.21,88.72,0.00,1438803.91,0.00,0.00,568030785.08,0.00,927094.81,37049233.24,38366069.76,0.00,116179575.16,6192227.29,0.00,0.00
2010-01-01,0.00,-16.87,-50.94,695.74,5501.16,0.00,0.15,287.82,39.74,0.00,219.43,42.23,0.00,0.00,41.20,23.65,15.70,43806.68,743419.87,5070157.28,0.00,90.88,135364.82,22975.72,882.38,63.00,0.00,356679.30,0.00,0.00,307595778.23,0.00,234505.41,17916738.46,19443145.24,0.00,45165038.12,3202147.87,0.00,0.00
2010-02-01,0.00,-19.67,-108.22,642.32,5139.12,0.00,0.11,275.98,30.21,0.00,212.74,33.81,0.00,0.00,37.60,23.91,18.10,92998.33,631016.67,4744575.55,0.00,67.17,129584.92,17492.38,874.86,66.45,0.00,410295.17,0.00,0.00,300940367.66,0.00,136172.58,18239052.06,15106075.08,0.00,44610314.96,2850749.94,0.00,0.00
2010-03-01,0.00,-1.34,-48.71,835.01,5394.13,0.00,0.00,221.01,40.71,0.00,57.29,27.86,0.00,0.00,30.40,22.27,15.60,43415.11,852989.89,4998561.80,0.00,1.86,112746.94,23086.29,910.82,26.95,0.00,16023.98,0.00,0.00,146824860.46,0.00,107.47,5729701.81,1682818.85,0.00,3988384.60,802293.18,0.00,0.00
2010-04-01,0.00,-0.75,-105.49,692.72,4979.64,0.00,0.00,280.76,52.43,0.00,23.64,28.44,0.00,0.00,30.30,19.65,11.80,94263.64,670160.18,4615135.90,0.00,0.00,132707.35,29744.68,899.54,25.36,0.00,12739.88,0.00,0.00,129379809.85,0.00,0.00,7616182.31,1860854.01,0.00,950470.25,650419.79,0.00,0.00
2010-05-01,0.00,-26.62,-251.92,832.20,5473.33,0.00,0.00,334.46,60.27,0.00,153.73,23.30,0.00,0.00,26.80,15.79,9.00,219306.62,749275.42,5051045.87,0.00,0.00,154609.04,34064.03,874.36,28.56,0.00,594644.79,0.00,0.00,156148418.18,0.00,0.00,9733649.46,2169683.20,0.00,5361247.72,629067.66,0.00,0.00
2010-06-01,0.00,-5.09,-153.61,825.54,5678.03,0.00,0.00,301.39,51.18,0.00,193.51,36.65,0.00,0.00,20.20,13.08,4.40,133493.15,747573.81,5271271.89,0.00,0.00,141797.11,29347.80,874.26,35.42,0.00,108255.51,0.00,0.00,191704492.40,0.00,0.00,10715834.12,3428530.51,0.00,11629316.29,1294690.94,0.00,0.00
2010-07-01,0.00,-1.00,-68.22,986.07,5736.31,0.00,0.00,331.76,18.05,0.00,235.13,22.00,0.00,0.00,21.00,12.59,6.00,58175.69,908454.85,5331236.22,0.00,0.00,154360.02,10352.88,874.12,28.01,0.00,19385.86,0.00,0.00,161114589.19,0.00,0.00,9393634.85,644736.07,0.00,7354376.91,554045.34,0.00,0.00
2010-08-01,0.00,-0.35,-68.19,929.69,5385.06,0.00,0.00,300.35,15.21,0.00,351.28,59.23,0.00,0.00,24.50,13.52,6.50,55864.10,881397.75,4962520.71,0.00,0.00,142678.44,8910.50,851.90,36.94,0.00,4705.13,0.00,0.00,197802895.61,0.00,0.00,11976514.71,1381601.05,0.00,18428500.35,2360750.46,0.00,0.00
2010-09-01,0.00,-0.37,-2.65,1073.53,4475.21,0.00,0.00,304.27,21.91,0.00,303.28,47.66,0.00,0.00,26.80,16.15,8.30,2161.18,1066680.61,4139161.90,0.00,0.00,139327.34,12457.82,860.61,24.46,0.00,8859.23,0.00,0.00,109718309.80,0.00,0.00,7487973.34,580436.07,0.00,7747396.94,1151242.56,0.00,0.00
2010-10-01,0.00,-0.14,-0.03,1206.53,4266.27,0.00,0.00,343.03,34.76,0.00,269.33,39.61,0.00,0.00,28.30,17.99,9.80,23.07,1208213.91,3970054.77,0.00,0.00,157277.56,19657.29,869.44,22.92,0.00,2839.40,0.00,0.00,98280653.18,0.00,0.00,7923524.14,843574.53,0.00,6198472.51,881819.02,0.00,0.00
2010-11-01,0.00,-0.17,-0.55,1249.12,4178.78,0.00,0.00,276.06,18.64,0.00,337.44,28.89,0.00,0.00,29.90,19.79,11.90,455.82,1239833.37,3863619.73,0.00,0.00,132760.28,10601.95,861.72,23.35,0.00,2408.08,0.00,0.00,97933901.57,0.00,0.00,6432343.10,443756.23,0.00,8121638.04,665660.43,0.00,0.00
2010-12-01,0.00,-1.93,-2.08,1350.05,4246.00,0.00,0.00,353.51,4.90,0.00,235.39,41.27,0.00,0.00,31.00,21.74,13.40,1757.19,1356669.01,3929434.59,0.00,0.00,161488.69,3066.85,875.03,22.98,0.00,39499.55,0.00,0.00,98343187.80,0.00,0.00,8174600.29,130301.46,0.00,5755092.27,927488.88,0.00,0.00
2011-01-01,0.00,-82.17,-21.07,852.48,5254.16,0.00,0.04,351.84,97.52,0.00,127.70,33.27,0.00,0.00,34.90,23.64,17.20,18611.23,882652.96,4861013.10,0.00,25.38,159805.73,56105.75,898.27,57.73,0.00,1884410.22,0.00,0.00,279450612.90,0.00,120557.10,19156405.50,14908233.68,0.00,32977636.94,1543266.95,0.00,0.00
2011-02-01,0.00,-82.03,-11.14,844.70,4933.28,0.00,0.15,317.49,68.73,0.00,166.45,27.44,0.00,0.00,41.30,24.02,16.60,9848.71,848235.01,4564438.70,0.00,92.04,145523.10,39853.95,891.98,190.44,0.00,2475949.40,0.00,0.00,775506500.67,0.00,1014849.03,51072810.90,69683372.28,0.00,168273312.69,7238649.77,0.00,0.00
2011-03-01,0.00,-15.85,-34.72,683.51,5388.56,0.00,0.00,300.75,1.73,0.00,74.81,34.15,0.00,0.00,32.80,22.02,15.90,31179.76,700702.03,5001577.01,0.00,0.00,138338.92,1066.24,903.24,26.91,0.00,298279.74,0.00,0.00,145865382.36,0.00,0.00,8086413.87,61625.93,0.00,2144507.84,911468.32,0.00,0.00
2011-04-01,0.00,-1.20,-38.48,614.74,4996.90,0.00,0.00,300.33,2.44,0.00,30.98,36.46,0.00,0.00,26.90,18.24,11.70,34351.46,612407.64,4591830.96,0.00,0.00,139814.12,1553.30,893.82,26.65,0.00,30379.20,0.00,0.00,133747805.64,0.00,0.00,8067083.61,83599.26,0.00,850582.50,955122.19,0.00,0.00
2011-05-01,0.00,-7.19,-208.65,469.92,6115.13,0.00,0.00,272.27,24.96,0.00,81.39,41.07,0.00,0.00,23.10,14.44,7.30,186251.92,418212.30,5633359.73,0.00,0.00,132108.79,14401.71,885.54,29.55,0.00,186078.41,0.00,0.00,180500623.30,0.00,0.00,8116808.85,968574.62,0.00,2545843.01,1158286.42,0.00,0.00
2011-06-01,0.00,-11.45,-142.50,605.40,5961.11,0.00,0.00,286.37,16.78,0.00,107.84,84.89,0.00,0.00,20.50,13.44,7.10,125671.40,559174.96,5511018.93,0.00,0.00,136349.58,9691.54,881.61,27.96,0.00,257415.72,0.00,0.00,166915915.92,0.00,0.00,8127056.34,644427.04,0.00,3415858.39,2357333.20,0.00,0.00
2011-07-01,0.00,-18.58,-118.03,836.53,5932.26,0.00,0.00,273.25,31.93,0.00,164.21,81.71,0.00,0.00,21.10,12.30,5.60,102780.73,794190.65,5496067.32,0.00,0.00,130728.78,18356.32,882.13,31.62,0.00,464741.50,0.00,0.00,188395795.86,0.00,0.00,8774135.81,1420959.69,0.00,6205752.85,2493115.81,0.00,0.00
2011-08-01,0.00,-1.67,-124.83,490.73,5866.49,0.00,0.00,311.26,27.59,0.00,134.13,50.77,0.00,0.00,25.30,14.75,7.30,109759.82,478907.30,5410311.69,0.00,0.48,145162.19,15629.04,879.46,30.72,0.00,44177.99,0.00,0.00,180453152.06,0.00,24.75,9737593.45,988080.88,0.00,4522391.13,1540525.92,0.00,0.00
2011-09-01,0.00,-2.86,-38.19,616.70,5214.84,0.00,0.02,139.15,2.78,0.00,138.73,85.06,0.00,0.00,31.50,16.41,7.50,33525.98,638137.28,4820874.79,0.00,9.23,80318.69,1659.80,894.62,28.98,0.00,67919.63,0.00,0.00,152123915.67,0.00,401.49,3976905.24,102619.69,0.00,4302162.52,2421090.48,0.00,0.00
2011-10-01,0.00,-1.96,-13.53,756.04,5046.70,0.00,0.01,86.38,5.16,0.00,162.93,54.46,0.00,0.00,33.80,17.78,10.10,11957.10,799849.49,4662461.91,0.00,7.70,60553.05,2968.00,904.48,28.89,0.00,47062.74,0.00,0.00,146538463.60,0.00,320.64,2488626.22,187062.88,0.00,4840047.74,1541906.71,0.00,0.00
2011-11-01,0.00,-14.23,-11.24,814.05,4668.20,0.00,0.01,306.30,37.75,0.00,226.15,57.08,0.00,0.00,37.00,20.87,13.80,9435.65,861912.88,4328041.73,0.00,8.93,142814.24,21636.60,878.52,39.91,0.00,376933.10,0.00,0.00,176840577.63,0.00,457.36,12056350.08,4152052.58,0.00,14438712.81,2136554.92,0.00,0.00
2011-12-01,0.00,-16.92,-16.03,603.30,4520.48,0.00,0.01,361.64,6.52,0.00,169.55,41.33,0.00,0.00,26.40,19.45,11.90,3627.08,672091.65,4178656.55,0.00,9.03,163153.64,3819.01,884.34,26.12,0.00,364212.92,0.00,-29678.71,119102579.04,0.00,379.15,9479366.04,184427.11,0.00,4638225.91,1047439.91,0.00,0.00
2012-01-01,0.00,-30.67,-71.22,573.61,5026.95,0.00,0.00,325.58,7.91,0.00,157.24,61.94,0.00,0.00,32.80,22.54,14.00,44911.13,578019.82,4636106.75,0.00,0.00,149561.28,4524.13,879.69,25.73,0.00,525808.86,113588.73,-400199.91,130507968.94,0.00,0.00,8513001.57,352366.60,0.00,4412571.23,1564399.67,0.00,0.00
2012-02-01,0.00,-12.02,-43.33,398.09,4658.97,0.00,0.02,310.06,2.57,0.00,201.34,37.89,0.00,0.00,33.00,22.06,16.70,109829.34,417206.33,4281838.66,0.00,13.78,143035.36,1561.70,852.39,27.45,0.00,226744.95,61837.81,-620253.97,129013382.70,0.00,626.03,8609134.15,81793.13,0.00,5898633.21,1022085.64,0.00,0.00
2012-03-01,0.00,-5.22,-20.38,903.12,4586.76,0.00,0.02,302.22,2.32,0.00,248.59,49.57,0.00,0.00,29.20,20.73,14.00,17284.69,896608.89,4233559.90,0.00,12.16,141902.90,1309.48,866.34,25.92,0.00,93697.18,0.00,0.00,120122500.73,0.00,536.79,7876433.10,65661.55,0.00,6379150.51,1190866.17,0.00,0.00
2012-04-01,0.00,-0.65,-8.50,986.52,4196.89,0.00,0.10,318.03,41.89,0.00,181.74,39.58,0.00,0.00,27.70,18.97,10.20,7128.42,965141.11,3916076.22,0.00,71.49,145390.39,24109.02,876.31,34.19,0.00,18803.41,0.00,0.00,143933347.60,0.00,3829.15,10977999.82,1787809.35,0.00,6764330.09,1316435.07,0.00,0.00
2012-05-01,0.00,-6.81,-24.89,831.54,5176.55,0.00,-0.01,303.02,8.32,0.00,147.02,46.01,0.00,0.00,29.00,15.18,8.50,21806.51,805805.43,4794644.63,0.00,15.63,142553.51,4719.75,883.53,29.15,0.00,121822.34,0.00,0.00,151391401.17,0.00,623.24,8930666.00,275374.19,0.00,4633621.66,1304506.43,0.00,0.00
2012-06-01,0.00,-18.08,-63.57,541.01,5520.54,0.00,0.20,295.89,31.91,0.00,256.60,56.43,0.00,0.00,20.40,13.08,6.40,55137.35,500216.79,5106098.64,0.00,143.67,138084.23,18049.33,862.03,37.05,0.00,502048.72,0.00,0.00,204569258.13,0.00,7148.84,11099336.12,1680847.15,0.00,10592276.30,2009492.94,0.00,0.00
2012-07-01,0.00,-16.42,-88.39,502.72,5447.98,0.00,0.18,341.56,51.61,0.00,434.18,51.11,0.00,0.00,22.50,12.70,5.80,74874.07,456006.09,5031285.87,0.00,132.40,156645.30,29467.83,832.57,67.95,0.00,909342.23,0.00,0.00,368701966.71,0.00,12528.83,23237843.27,5175055.65,0.00,30613273.97,3201576.52,0.00,0.00
2012-08-01,0.00,-12.47,-22.31,663.26,5157.52,0.00,0.02,208.54,44.34,0.00,387.20,98.11,0.00,0.00,29.00,13.81,5.70,18969.86,630560.10,4780535.27,0.00,10.66,107547.03,25045.87,846.81,58.15,0.00,681046.02,0.00,0.00,300489286.73,0.00,1034.82,12121116.19,2964948.37,0.00,23054775.72,5500702.24,0.00,0.00
2012-09-01,0.00,-7.31,-22.41,688.50,4303.60,0.00,0.00,248.61,22.68,0.00,360.22,69.65,0.00,0.00,32.70,16.58,5.50,18456.32,670260.41,4034341.88,0.00,0.00,120599.14,12796.44,850.98,53.09,0.00,357835.39,0.00,0.00,229261330.46,0.00,0.00,13274019.59,1258161.08,0.00,19344297.49,3609647.70,0.00,0.00
2012-10-01,0.00,-13.17,-6.71,991.32,3911.91,0.00,0.00,367.57,75.53,0.00,294.05,57.19,0.00,0.00,33.80,17.88,8.70,5340.27,979926.48,3647952.08,0.00,0.00,166338.73,42929.06,851.02,57.73,0.00,713967.56,0.00,0.00,225032792.48,0.00,0.00,21019135.01,5070235.41,0.00,18547574.94,3258171.96,0.00,0.00
2012-11-01,0.00,-8.63,-51.51,604.02,4328.55,0.00,0.00,370.63,31.81,0.00,295.26,48.96,0.00,0.00,32.60,19.89,12.90,42575.56,576460.53,3996450.65,0.00,0.00,166852.74,17963.51,839.13,58.49,0.00,455203.86,0.00,0.00,251918275.47,0.00,0.00,21257361.41,3295162.47,0.00,18733759.29,2778760.78,0.00,0.00
2012-12-01,0.00,-6.77,-64.94,534.08,4496.47,0.00,0.06,370.04,8.36,0.00,371.67,70.70,0.00,0.00,32.70,21.56,14.10,53858.78,535072.63,4140196.09,0.00,39.85,166058.86,4719.02,829.15,50.12,0.00,330905.18,0.00,0.00,226088365.09,0.00,4197.16,18503909.61,458293.04,0.00,18662723.97,3519060.30,0.00,0.00
2013-01-01,0.00,-8.64,-64.07,558.21,5148.78,0.00,0.00,365.05,18.62,0.00,180.78,59.18,0.00,0.00,45.10,23.47,16.80,55079.60,602785.93,4744042.56,0.00,0.00,164769.47,10563.63,873.63,51.46,0.00,414899.21,0.00,0.00,264982775.89,0.00,0.00,18610245.24,1313650.34,0.00,10325241.73,3042582.29,0.00,0.00
2013-02-01,0.00,-12.78,-42.21,479.90,4516.81,0.00,0.04,333.66,28.11,0.00,160.33,53.03,0.00,0.00,28.70,22.30,14.20,36246.24,490115.44,4175842.25,0.00,30.38,150981.06,15931.25,869.45,52.61,0.00,643118.21,0.00,0.00,237946150.63,0.00,2822.14,17518972.83,1655347.74,0.00,8683088.67,2711840.35,0.00,0.00
2013-03-01,0.00,-8.19,-103.22,496.15,4936.85,0.00,0.02,364.98,23.37,0.00,169.82,62.11,0.00,0.00,33.40,22.33,14.00,88134.54,550636.25,4546530.80,0.00,10.25,162326.14,13182.81,872.54,53.03,0.00,402993.97,0.00,0.00,262556326.37,0.00,896.70,19269967.80,1356513.15,0.00,9379285.05,3253148.47,0.00,0.00
2013-04-01,0.00,-1.06,-11.19,559.87,4368.84,0.00,0.00,372.30,16.35,0.00,133.59,47.68,0.00,0.00,28.40,18.69,11.00,9491.65,586495.12,4000749.09,0.00,3.91,166678.66,9262.19,866.46,54.64,0.00,49799.72,0.00,0.00,238843687.02,0.00,381.05,20285319.23,1033046.02,0.00,7850886.40,2549602.36,0.00,0.00
2013-05-01,0.00,-2.50,-38.14,430.62,5199.89,0.00,1.76,226.44,28.32,0.00,149.28,65.13,0.00,0.00,25.60,15.68,9.40,32998.37,437062.55,4796666.71,0.00,1243.87,114333.93,16075.70,879.82,55.74,0.00,118053.87,0.00,0.00,290034814.33,0.00,92997.66,12654837.71,1882021.22,0.00,8749674.74,3592151.55,0.00,0.00
2013-06-01,0.00,-2.67,-85.31,367.01,5415.50,0.00,0.17,267.97,23.08,0.00,197.06,51.25,0.00,0.00,21.60,13.81,7.60,73582.22,372121.77,5002901.63,0.00,138.78,127378.95,13044.10,872.95,57.51,0.00,137202.65,0.00,0.00,311846192.84,0.00,10869.72,14723128.39,1719950.31,0.00,12619061.37,2907885.09,0.00,0.00
2013-07-01,0.00,-1.80,-68.23,325.15,5448.23,0.00,0.00,361.17,36.24,0.00,278.42,67.78,0.00,0.00,24.20,13.77,7.20,57929.16,316383.38,5022011.71,0.00,10.55,164415.47,20476.65,847.74,58.78,0.00,90618.89,0.00,0.00,319717044.07,0.00,923.91,21199328.18,2795693.73,0.00,17231343.64,3833094.34,0.00,0.00
2013-08-01,0.00,-0.33,-44.37,340.07,5137.25,0.00,17.34,380.50,27.63,0.00,221.59,111.05,0.00,0.00,24.10,15.02,7.10,37421.77,336986.24,4771305.88,0.00,12243.46,171129.45,15627.36,851.25,54.70,0.00,17439.55,0.00,0.00,281317111.97,0.00,944432.75,20776877.11,1703964.28,0.00,12355833.45,5995594.38,0.00,0.00
2013-09-01,0.00,-0.61,-25.99,515.88,4359.34,0.00,21.44,297.75,32.23,0.00,209.65,77.82,0.00,0.00,31.80,18.56,10.00,21873.01,523090.00,4031729.91,0.00,15124.01,130012.92,18186.50,855.81,53.03,0.00,28794.71,0.00,0.00,231841385.72,0.00,1130685.24,15683566.61,1816468.28,0.00,11313695.95,4130632.62,0.00,0.00
2013-10-01,0.00,0.00,-59.49,382.77,4457.45,0.00,3.39,347.60,3.65,0.00,419.13,79.64,0.00,0.00,37.10,19.80,9.90,48323.95,412691.93,4095923.64,0.00,2396.19,154863.00,2059.37,819.93,51.70,0.00,0.00,0.00,0.00,230761985.78,0.00,174656.10,17942667.37,191835.72,0.00,21856055.49,4104102.30,0.00,0.00
2013-11-01,0.00,-0.41,-43.89,511.13,4195.65,0.00,0.03,375.17,5.62,0.00,386.46,62.94,0.00,0.00,34.00,19.60,11.80,35521.97,569359.13,3877349.09,0.00,18.34,167538.59,3173.01,834.18,50.68,0.00,19829.21,0.00,0.00,212911450.59,0.00,1409.73,18984785.81,299024.21,0.00,19749529.61,3171939.31,0.00,0.00
2013-12-01,0.00,-0.43,-53.75,594.19,4343.49,0.00,0.03,379.76,11.23,0.00,440.84,62.93,0.00,0.00,35.70,22.10,12.80,43318.17,655827.92,4038917.01,0.00,17.42,170023.53,6424.51,835.52,63.45,0.00,20576.74,0.00,0.00,274000625.12,0.00,2608.86,23006080.36,6971858.49,0.00,37355620.24,4372011.15,0.00,0.00
2014-01-01,0.00,-17.36,-67.65,656.31,4919.11,0.00,0.04,365.61,13.17,0.00,113.47,69.97,0.00,0.00,35.90,22.83,16.10,58874.37,686949.80,4552238.48,0.00,26.36,165174.00,7572.61,884.42,53.41,0.00,771612.12,0.00,0.00,263907692.47,0.00,3200.91,19372505.98,1283738.34,0.00,6727055.71,3597320.24,0.00,0.00
2014-02-01,0.00,-4.42,-42.38,482.64,4594.37,0.00,0.18,328.88,9.18,0.00,66.15,58.34,0.00,0.00,31.70,22.38,15.60,37146.57,507673.65,4225714.97,0.00,130.44,149150.17,5251.31,883.09,50.86,0.00,187354.20,0.00,0.00,234368450.67,0.00,9981.43,16722145.55,520628.92,0.00,3401635.31,2898953.71,0.00,0.00
2014-03-01,0.00,-3.76,-19.42,575.18,4905.52,0.00,0.00,290.44,0.30,0.00,37.58,47.37,0.00,0.00,29.20,22.18,15.20,17356.75,596645.66,4502823.00,0.00,0.00,135386.84,167.80,894.48,49.14,0.00,156600.07,0.00,0.00,241966720.57,0.00,0.00,14265208.92,16489.05,0.00,1881474.18,2284365.79,0.00,0.00
2014-04-01,0.00,0.00,-8.45,726.87,4232.08,0.00,0.00,361.89,17.98,0.00,36.02,45.12,0.00,0.00,29.30,19.24,12.40,7286.49,790160.16,3874009.82,0.00,0.00,162039.53,10171.15,892.38,48.99,0.00,0.00,0.00,0.00,208160282.13,0.00,0.00,17701163.44,931074.62,0.00,1832426.95,2182368.02,0.00,0.00
2014-05-01,0.00,-6.04,-20.44,537.19,4715.88,0.00,0.08,375.50,51.95,0.00,155.15,64.68,0.00,0.00,26.80,17.24,10.30,17576.62,548677.96,4315971.22,0.00,59.89,168632.29,29401.31,858.90,51.96,0.00,271526.61,0.00,0.00,238769552.13,0.00,4343.61,19018289.51,2990613.10,0.00,8301898.00,3188614.26,0.00,0.00
2014-06-01,0.00,-3.12,-23.81,632.79,4636.42,0.00,0.04,374.27,35.34,0.00,235.49,90.31,0.00,0.00,22.40,14.42,8.60,20186.79,611457.22,4222628.62,0.00,26.71,167252.59,20184.86,836.67,50.15,0.00,142163.53,0.00,0.00,233179317.62,0.00,1898.31,18700464.51,2046750.98,0.00,12073359.73,4387727.99,0.00,0.00
2014-07-01,0.00,-14.14,-16.41,969.47,5047.14,0.00,0.04,294.25,43.63,0.00,86.74,108.95,0.00,0.00,24.70,13.07,6.50,14418.06,910188.00,4591300.08,0.00,29.27,139397.72,25001.73,866.84,42.11,0.00,445375.99,0.00,0.00,212658536.29,0.00,1631.17,13201692.75,2447328.30,0.00,4241680.61,4284736.27,0.00,0.00
2014-08-01,0.00,-13.75,-16.01,1129.01,4830.88,0.00,0.03,221.52,23.41,0.00,120.51,68.83,0.00,0.00,22.70,13.22,5.60,14082.18,1053919.55,4355570.22,0.00,17.78,111422.34,13686.89,867.41,36.94,0.00,379070.95,0.00,0.00,178007877.17,0.00,782.79,8720827.19,1330075.04,0.00,5317608.35,2466119.62,0.00,0.00
2014-09-01,0.00,-7.17,-3.68,934.18,4187.09,0.00,0.04,171.04,51.72,0.00,171.26,82.78,0.00,0.00,33.20,16.46,9.00,3183.60,910846.21,3767337.76,0.00,27.95,92499.64,30515.44,858.75,40.94,0.00,275243.06,0.00,0.00,171502384.71,0.00,1521.81,7606020.69,3128270.62,0.00,8224785.48,3307733.92,0.00,0.00
2014-10-01,0.00,-0.16,-5.53,1005.90,4261.58,0.00,0.01,70.80,29.59,0.00,130.86,94.56,0.00,0.00,33.50,19.22,9.00,4730.25,1003711.66,3884011.90,0.00,9.04,50663.58,16861.40,885.98,32.00,0.00,3877.55,0.00,0.00,137757996.44,0.00,425.18,2264473.62,1047554.12,0.00,4218103.78,2963891.54,0.00,0.00
2014-11-01,0.00,-4.54,-9.30,1016.52,4033.20,0.00,0.00,255.55,69.61,0.00,121.88,95.57,0.00,0.00,36.10,21.04,13.70,7820.32,993877.69,3681161.73,0.00,21.81,120516.45,39977.08,865.42,35.38,0.00,107690.46,0.00,0.00,142737735.32,0.00,1377.66,9283295.11,3342294.80,0.00,5581286.86,3436673.40,0.00,0.00
2014-12-01,0.00,-2.48,-5.94,1011.19,4044.76,0.00,0.02,337.30,39.67,0.00,130.86,116.31,0.00,0.00,31.70,21.93,15.40,4957.00,1015356.38,3684996.38,0.00,12.91,153226.45,22911.41,858.92,31.58,0.00,53565.91,0.00,0.00,129593175.23,0.00,853.71,10728665.42,1566092.69,0.00,4456989.56,3570452.86,0.00,0.00
2015-01-01,0.00,-10.87,-37.18,810.39,4502.69,0.00,0.04,331.90,59.42,0.00,206.89,133.15,0.00,0.00,35.30,23.39,14.70,30860.33,877037.25,4104787.94,0.00,25.21,151362.22,33637.01,856.51,38.70,0.00,298591.97,0.00,0.00,171644715.84,0.00,1710.50,13052485.83,4309918.30,0.00,11337554.22,4418455.80,0.00,0.00
2015-02-01,0.00,-3.92,-14.62,769.14,4174.80,0.00,0.01,300.36,22.91,0.00,82.01,86.86,0.00,0.00,31.90,23.25,17.40,12488.36,767468.47,3814921.12,0.00,9.87,138635.89,12931.67,871.51,34.50,0.00,112870.81,0.00,0.00,145762265.65,0.00,585.81,10540616.57,860057.60,0.00,3526673.97,2795547.83,0.00,0.00
2015-03-01,0.00,-7.52,-37.47,792.05,4480.02,0.00,0.00,319.36,36.96,0.00,123.23,130.75,1.96,11.55,36.40,21.79,14.90,31624.40,825622.70,4096281.14,0.00,0.00,144881.42,20931.33,864.16,31.57,0.00,158195.21,0.00,0.00,143242691.91,0.00,0.00,10289399.53,1190898.98,0.00,4054945.69,3905145.12,64721.80,378257.52
2015-04-01,0.00,-6.36,-1.41,986.75,3933.63,0.00,0.05,239.81,62.24,0.00,70.04,123.11,6.31,31.32,31.10,18.19,10.40,1194.10,967253.84,3612989.20,0.00,32.55,111584.66,35114.39,867.83,37.09,0.00,166569.81,0.00,0.00,145829420.32,0.00,1757.74,8909540.75,2761787.39,0.00,3409190.70,4325864.78,242561.47,1153431.62
2015-05-01,0.00,-5.98,-1.98,890.71,4605.72,0.00,0.20,194.17,48.97,0.00,97.25,180.60,10.71,31.30,27.30,15.83,8.00,1639.65,873102.36,4211767.78,0.00,128.69,99217.52,27648.94,860.96,36.68,0.00,138821.85,0.00,0.00,162369618.83,0.00,7166.05,7099416.44,2031545.61,0.00,3933015.72,5901816.52,362518.90,1057828.00
2015-06-01,0.00,-8.64,-25.32,853.43,4876.83,0.00,0.13,280.49,14.50,0.00,155.22,97.26,10.02,27.60,22.50,13.49,6.10,21398.55,789785.22,4454064.56,0.00,94.92,130424.42,8183.38,853.48,37.07,0.00,247081.83,0.00,0.00,181360045.85,0.00,4036.32,10478576.56,709682.62,0.00,6354586.21,3268149.27,353938.79,971472.39
2015-07-01,0.00,-20.16,-15.77,740.84,5256.03,0.00,0.03,324.05,16.53,0.00,253.81,186.25,14.78,34.94,20.50,11.84,5.90,13133.68,722035.94,4778188.59,0.00,23.80,149838.92,9452.98,831.41,40.39,0.00,707149.04,0.00,0.00,212046674.20,0.00,1208.93,13261433.03,972122.35,0.00,11774423.69,7090801.28,539486.76,1254610.85
2015-08-01,0.00,-18.60,-36.31,654.14,4894.48,0.00,0.01,330.65,12.22,0.00,178.70,211.29,16.77,42.64,28.10,14.08,5.30,30004.30,627376.81,4471134.67,0.00,7.53,152042.33,6893.84,831.60,37.58,0.00,579206.62,0.00,0.00,184794805.77,0.00,378.54,12526824.33,625771.55,0.00,7306606.78,7593051.82,589451.42,1501319.16
2015-09-01,0.00,-14.81,-45.91,470.58,4467.02,0.00,0.15,343.71,39.89,0.00,185.94,120.34,26.02,51.51,29.20,15.83,8.10,38562.66,462033.98,4071737.31,0.00,89.21,151717.61,22591.83,827.29,62.77,0.00,563014.88,0.00,0.00,266209193.34,0.00,8461.56,20703308.69,9285115.69,0.00,33985279.79,6287307.61,1113940.54,2138398.98
2015-10-01,0.00,-2.16,-58.88,483.73,4553.62,0.00,0.07,179.68,45.42,0.00,194.82,150.77,30.37,87.48,36.80,20.62,13.00,49421.35,476925.97,4167374.13,0.00,43.71,90392.91,25638.39,831.60,37.58,0.00,56963.27,0.00,0.00,172488281.15,0.00,2540.29,6905708.09,1863681.57,0.00,7665012.92,5485464.45,1217538.04,3480558.65
2015-11-01,0.00,-4.99,-55.97,578.92,4347.19,0.00,0.40,275.22,84.23,0.00,168.70,135.46,33.06,227.10,40.70,21.16,13.70,45350.45,560663.11,3961676.73,0.00,267.12,126719.29,47790.43,803.51,51.60,0.00,179757.36,0.00,0.00,201623574.66,0.00,95647.03,13037030.01,5883228.48,0.00,15535718.67,6852950.87,1729720.39,12202778.92
2015-12-01,0.00,-15.93,-91.27,635.35,4588.35,0.00,0.26,325.60,65.03,0.00,156.69,134.87,33.66,258.92,34.90,21.72,14.70,75046.04,614133.47,4163093.86,0.00,165.77,146993.44,36850.06,802.13,46.05,0.00,485573.54,0.00,0.00,213357014.74,0.00,15101.34,15015200.86,3609952.85,0.00,8197177.10,5919173.46,1673530.24,13034950.69
2016-01-01,0.00,-15.23,-75.25,679.84,4601.38,0.00,0.24,146.29,95.75,0.00,338.83,125.81,31.86,232.37,38.30,22.75,14.50,61262.24,732944.12,4194544.86,0.00,157.03,82691.55,54420.75,812.01,50.33,0.00,487374.79,0.00,0.00,222829733.63,0.00,142885.98,9734873.02,8603192.59,0.00,26209542.24,6402133.05,1720092.23,13125006.62
2016-02-01,0.00,-19.35,-96.85,455.20,4925.65,0.00,0.21,125.25,61.54,0.00,288.37,109.87,37.38,250.60,32.50,24.05,17.00,80594.93,504608.08,4493819.10,0.00,139.06,73224.57,35026.68,818.89,40.42,0.00,636249.71,0.00,0.00,197515583.47,0.00,10031.94,5846444.18,3535439.72,0.00,13260945.54,4079881.32,1689821.32,11330922.18
2016-03-01,0.00,-31.42,-48.71,573.78,4828.84,0.00,0.15,203.32,94.61,0.00,335.45,93.72,38.56,223.85,29.90,22.55,14.40,38709.04,618020.78,4383061.14,0.00,91.65,103623.70,53495.37,811.07,46.18,0.00,1102106.53,0.00,0.00,221598880.63,0.00,6450.08,10324823.33,5363137.12,0.00,17158278.98,4212214.56,1976037.61,11658958.55
2016-04-01,0.00,-6.69,-21.25,788.77,3976.48,0.00,0.47,159.45,150.12,0.00,273.92,93.13,39.23,177.60,33.80,20.23,13.20,17109.20,859354.71,3586070.15,0.00,321.03,85317.84,84689.72,816.64,67.93,0.00,287539.92,0.00,0.00,268075395.02,0.00,53074.59,11935551.71,12419884.68,0.00,21952361.86,5736061.03,2438973.18,10987335.75
2016-05-01,0.00,-13.11,-57.92,595.21,4494.65,0.00,0.96,189.40,67.07,0.00,226.07,264.11,35.01,162.31,27.70,17.28,7.30,47053.69,606705.65,4078076.63,0.00,581.46,100310.48,37871.50,800.92,70.45,0.00,696685.81,0.00,0.00,308047909.48,0.00,48033.66,15406602.41,6942807.02,0.00,20480104.23,16352222.70,2270325.41,10133727.36
2016-06-01,0.00,-42.17,-21.91,775.70,4716.90,0.00,0.13,202.38,81.68,0.00,289.03,213.28,25.04,116.46,22.00,14.25,5.60,17537.88,726142.10,4308192.07,0.00,77.86,103905.49,46088.78,812.85,103.24,0.00,1834090.33,0.00,0.00,476133332.40,0.00,12243.34,23881142.95,12823992.90,0.00,36192871.46,19116073.44,2316002.39,11034089.50
2016-07-01,0.00,-28.73,-25.52,751.75,5183.42,0.00,0.14,133.99,47.36,0.00,174.63,228.24,31.76,144.83,25.60,13.65,6.40,21246.72,705722.44,4728533.24,0.00,89.83,79185.04,26722.41,830.94,70.45,0.00,1194618.98,0.00,0.00,359065660.13,0.00,8475.90,11933231.92,6707382.59,0.00,19639709.32,13642035.93,1923019.09,9157185.61
2016-08-01,0.00,-12.33,-23.10,701.78,5256.94,0.00,0.06,108.40,22.57,0.00,96.67,160.65,39.21,105.29,25.10,14.03,7.20,19761.82,690539.64,4802534.21,0.00,43.71,68036.30,12737.87,860.29,50.63,0.00,376339.97,0.00,0.00,266455681.33,0.00,1956.64,6253872.90,2379611.33,0.00,7154047.03,6764715.41,1566154.85,4071571.55
2016-09-01,0.00,-10.01,-69.37,642.15,4480.44,0.00,0.03,138.98,10.85,0.00,175.96,169.07,39.09,120.56,24.10,16.67,10.00,57355.28,628274.73,4077179.43,0.00,24.20,74981.67,6120.39,830.02,45.96,0.00,338335.01,0.00,0.00,205461712.40,0.00,1795.87,7190691.96,759301.31,0.00,8614529.43,7508987.24,1641193.78,5048488.70
2016-10-01,0.00,-15.78,-14.48,1019.04,3492.14,0.00,0.13,175.15,32.69,0.00,461.04,252.45,53.70,161.06,33.50,18.60,9.00,10378.53,1001183.50,3214989.02,0.00,85.05,92226.35,18806.66,768.52,56.43,0.00,713823.78,0.00,0.00,195245222.04,0.00,7720.08,11255810.98,2565181.25,0.00,27337577.95,12893549.34,2811994.65,8304279.98
2016-11-01,0.00,-16.54,-16.89,859.89,3770.74,0.00,0.12,151.05,100.43,0.00,477.09,163.78,57.16,181.47,32.30,21.08,12.20,12757.99,865885.16,3468007.64,0.00,75.57,84285.78,56671.96,778.97,90.16,0.00,737310.64,0.00,0.00,318888170.69,0.00,10192.36,14013350.09,16710881.19,0.00,64395912.77,13129303.17,6847255.86,19182667.63
2016-12-01,0.00,-5.22,-63.36,745.76,4555.38,0.00,0.10,96.02,8.33,0.00,507.06,155.12,53.44,168.42,37.50,23.31,16.80,49430.90,790863.54,4161288.45,0.00,64.69,61427.59,4701.48,798.73,53.72,0.00,197618.60,0.00,0.00,245778303.85,0.00,5324.37,5733506.59,807436.46,0.00,28971575.18,8300672.20,3080565.93,9802985.16
2017-01-01,0.00,-48.78,-63.62,534.60,5380.86,0.00,0.08,150.13,92.94,0.00,198.61,147.77,54.93,165.91,38.50,24.66,18.60,53833.98,572691.11,4900421.84,0.00,58.95,81605.56,52435.88,839.71,90.71,0.00,2315593.22,0.00,0.00,475013527.66,0.00,9005.08,16574767.77,13398568.80,0.00,27230433.65,13571705.86,5764578.77,18103525.59
2017-02-01,0.00,-38.76,-21.11,672.37,4556.18,0.00,0.39,161.33,103.03,0.00,245.70,137.83,49.09,146.35,37.10,24.10,17.00,17556.27,675605.62,4140495.96,0.00,277.05,89316.14,58308.20,822.71,223.26,0.00,2915012.14,0.00,0.00,881621250.76,0.00,755820.03,36706784.26,50065030.09,0.00,145135511.08,26463938.38,11518674.62,34217385.82
2017-03-01,0.00,-17.13,-42.30,634.77,4912.46,0.00,0.05,164.94,60.64,0.00,78.59,126.68,49.07,118.00,31.30,22.18,15.40,36330.33,622395.39,4469185.93,0.00,35.96,86927.01,34348.53,850.60,96.47,0.00,1100599.90,0.00,0.00,470668722.45,0.00,5192.02,18688140.38,9039264.31,0.00,9017302.76,11358860.79,5170713.43,12338377.36
2017-04-01,0.00,-21.16,-62.79,715.21,4206.70,0.00,-0.02,117.05,128.99,0.00,90.75,87.93,45.63,124.10,28.60,18.58,10.30,53689.83,635360.31,3831006.97,0.00,0.00,72081.11,72768.79,838.96,107.94,0.00,1898193.97,0.00,0.00,456295399.70,0.00,0.00,12713857.17,14899208.96,0.00,10673855.07,9047357.85,4879144.87,13166546.99
2017-05-01,0.00,-15.99,-150.76,415.35,5107.64,0.00,-0.02,190.95,14.89,0.00,235.22,113.85,41.65,104.16,25.50,16.29,7.20,125226.30,366385.88,4653706.94,0.00,0.00,97350.80,8419.61,825.61,90.71,0.00,1263075.42,0.00,0.00,463371847.60,0.00,0.00,18315279.33,1711446.71,0.00,22546637.99,9753636.21,3617456.92,8962494.25
2017-06-01,0.00,-10.10,-149.75,551.50,5378.38,0.00,0.19,163.44,29.35,0.00,253.40,86.70,35.43,81.71,20.00,13.61,7.70,125507.93,476303.92,4891462.59,0.00,152.11,90329.85,16577.46,833.20,86.01,0.00,790300.99,0.00,0.00,459749247.64,0.00,19853.56,14791118.67,2939253.79,0.00,23896912.08,7041985.75,2900684.26,6560262.10
2017-07-01,0.00,-33.62,-125.57,684.95,5472.40,0.00,-0.02,141.52,21.62,0.00,162.21,232.19,41.07,111.98,25.80,13.29,5.40,103532.56,593793.57,4981886.51,0.00,0.00,76487.49,12204.34,828.90,93.20,0.00,2549410.37,0.00,0.00,508819205.09,0.00,0.00,13758571.35,2791767.42,0.00,17919051.93,20557488.15,3539162.53,9472075.68
2017-08-01,0.00,-19.57,-58.92,916.08,4686.08,0.00,4.30,157.76,82.54,0.00,218.17,239.66,48.61,144.63,25.80,14.04,6.50,46906.93,826733.69,4247331.39,0.00,3046.33,58654.62,46585.37,800.00,104.39,0.00,1608955.05,0.00,0.00,490354855.71,0.00,399088.11,17287211.21,9825097.56,0.00,25820142.48,22508389.11,4737333.57,13887149.10
2017-09-01,0.00,-9.38,-39.13,815.90,3970.40,0.00,0.74,254.09,91.56,0.00,138.98,283.19,52.25,168.31,33.50,17.40,7.90,31013.85,738984.78,3629982.71,0.00,657.14,94470.24,51662.02,783.10,88.33,0.00,767333.47,0.00,0.00,352771802.21,0.00,98691.93,22645571.31,8399265.32,0.00,13212031.04,24390058.30,4478600.25,14370087.38
2017-10-01,0.00,-10.61,-86.08,617.85,4310.52,0.00,0.02,290.57,11.65,0.00,133.49,148.74,54.77,163.41,35.10,19.43,12.30,70759.21,568197.85,3934685.34,0.00,16.21,108033.65,6607.32,806.98,83.22,0.00,712940.79,0.00,0.00,359146677.09,0.00,2113.21,24066604.20,1290873.93,0.00,11507418.66,12140196.53,4661203.47,13849236.00
2017-11-01,0.00,-21.46,-208.66,600.72,4555.44,0.00,0.15,226.60,51.39,0.00,105.67,123.54,53.67,180.78,28.30,20.00,12.10,172584.15,520044.78,4150066.80,0.00,93.96,84261.30,28994.48,813.52,80.06,0.00,1448805.48,0.00,0.00,364083465.46,0.00,11646.30,17909535.52,4625512.60,0.00,9773399.24,9517389.98,4506471.82,15505337.92
2017-12-01,0.00,-69.54,-142.27,548.37,5093.52,0.00,0.11,204.46,58.56,0.00,115.26,177.14,59.58,190.92,39.00,22.96,15.70,119079.03,487819.68,4639794.74,0.00,75.45,76366.23,33049.66,820.71,79.16,0.00,4461423.97,0.00,0.00,399363502.85,0.00,9114.87,16184992.30,6063177.60,0.00,10717110.60,13535192.95,4943823.27,16227134.07
2018-01-01,0.00,-10.26,-213.27,407.05,5506.96,0.00,0.11,85.74,17.89,0.00,255.51,151.54,60.72,196.42,42.50,23.31,14.50,177278.04,360064.71,5007814.93,0.00,76.18,31941.19,10136.02,810.22,78.62,0.00,647702.33,0.00,0.00,427612504.25,0.00,8352.62,7567833.09,1861526.18,0.00,22615492.76,11323048.50,5083388.47,16718704.60
2018-02-01,0.00,-8.50,-197.92,394.80,4821.70,0.00,0.01,77.53,16.51,0.00,235.88,180.75,53.43,175.22,34.00,22.98,15.70,163751.15,351542.74,4388814.48,0.00,12.79,28990.76,9445.70,802.70,74.44,0.00,539168.00,0.00,0.00,357973252.92,0.00,1816.93,6527268.00,1492528.89,0.00,19172499.86,13105984.05,4210890.67,13906072.33
2018-03-01,0.00,-2.86,-230.36,500.10,4982.18,0.00,0.03,51.54,1.37,0.00,289.30,220.49,59.65,168.32,38.00,22.54,13.60,188595.83,441726.84,4534311.32,0.00,18.67,19206.08,774.60,795.97,67.58,0.00,163314.97,0.00,0.00,337206729.58,0.00,2006.62,3876910.33,125774.85,0.00,20338618.77,14384695.86,4101211.67,11556993.46
2018-04-01,0.00,-15.88,-74.43,673.57,4256.68,0.00,0.03,0.44,87.85,0.00,285.69,180.72,64.15,145.78,35.60,21.38,11.70,60765.56,596778.61,3870386.81,0.00,22.32,314.09,49604.26,795.12,76.89,0.00,952252.26,0.00,0.00,326938692.74,0.00,2897.16,54057.43,7624179.45,0.00,24231091.92,13062365.73,5035555.43,11443908.33
2018-05-01,0.00,-21.27,-79.25,717.01,4726.06,0.00,0.04,0.44,74.08,0.00,228.64,217.94,56.36,136.88,27.00,16.10,8.80,65309.98,633938.65,4307405.43,0.00,26.87,312.98,41960.76,812.02,79.41,0.00,1272255.73,0.00,0.00,373322871.61,0.00,3433.33,74420.12,7768935.68,0.00,20547905.94,15886138.72,4118207.04,9830279.22
2018-06-01,0.00,-39.57,-123.04,755.37,4930.96,0.00,0.67,50.77,64.19,0.00,447.10,242.83,47.33,110.45,20.70,13.00,6.30,98991.53,665999.83,4498418.38,0.00,470.85,19783.00,36558.39,789.61,105.92,0.00,2506499.97,0.00,0.00,488117486.35,0.00,155331.34,5930310.94,11377504.86,0.00,59487371.28,23016782.78,3938770.56,8996081.05
2018-07-01,0.00,-7.79,-49.64,711.45,5067.73,0.00,0.06,107.78,30.29,0.00,284.07,322.28,59.02,150.16,24.60,13.51,4.00,39175.92,638015.94,4617834.70,0.00,35.51,40103.78,17093.56,790.05,78.03,0.00,449804.79,0.00,0.00,389475836.21,0.00,3934.35,10344192.19,3736835.10,0.00,25986313.26,22933067.72,3793537.35,9382275.81
2018-08-01,0.00,-20.05,-19.87,931.88,4476.29,0.00,0.79,148.80,49.46,0.00,339.66,357.20,66.78,178.89,25.00,13.75,5.10,15039.31,831586.76,4052938.21,0.00,550.95,56089.41,27907.68,761.01,97.17,0.00,1300356.14,0.00,0.00,424759735.47,0.00,133507.65,17324619.84,6993086.94,0.00,39549921.95,31842646.98,5124760.92,13417138.69
2018-09-01,0.00,-70.79,-71.68,683.57,4341.86,0.00,0.23,161.45,30.16,0.00,167.69,272.77,74.45,203.16,31.50,15.66,7.60,57939.80,597788.18,3945630.47,0.00,157.88,60632.57,17407.27,787.81,96.69,0.00,4450328.65,0.00,0.00,414200456.49,0.00,36123.46,18505928.92,4574912.16,0.00,20521068.96,25332869.99,5920138.09,15495557.06
2018-10-01,0.00,-50.57,-113.12,486.62,4678.75,0.00,0.08,21.77,28.47,0.00,124.60,278.64,108.41,202.22,26.80,17.87,10.50,93557.56,419904.50,4248419.18,0.00,51.50,8167.79,16066.52,797.63,90.11,0.00,3188994.85,0.00,0.00,418001673.65,0.00,7399.79,2275506.79,3713253.97,0.00,13256564.43,24005214.90,9532859.26,17277095.61
2018-11-01,0.00,-45.02,-197.06,243.55,4765.80,0.00,0.11,91.58,19.72,0.00,103.26,334.45,119.36,235.65,36.60,22.34,11.60,157953.47,207310.56,4340588.11,0.00,78.99,34216.18,11130.74,782.06,88.13,0.00,2911672.70,0.00,0.00,416434301.88,0.00,17579.61,9596788.53,2456551.54,0.00,10810341.42,28115870.52,9885362.83,19496531.53
2018-12-01,0.00,-55.50,-114.71,494.55,4853.24,0.00,0.02,85.38,16.60,0.00,133.74,308.98,143.94,270.15,33.40,0.00,14.90,92800.03,432520.57,4431338.49,0.00,21.84,31916.78,9442.33,784.24,86.59,0.00,3466085.06,0.00,0.00,415080483.85,0.00,4312.09,9349949.37,1978242.80,0.00,14188498.31,24884762.10,13060885.38,24773603.38
2019-01-01,0.00,-93.12,-98.00,535.33,5734.50,0.00,0.42,51.34,77.13,0.00,118.31,281.09,133.22,264.94,39.70,0.00,17.90,81427.27,455135.86,5224140.75,0.00,307.86,22113.19,43920.78,808.57,128.38,0.00,6743267.01,0.00,0.00,701147723.31,0.00,155446.04,9041946.82,18276446.29,0.00,28560930.59,30334674.88,19239690.86,40387788.86
2019-02-01,0.00,-58.00,-93.73,365.90,4694.63,0.00,0.02,121.09,22.50,0.00,54.78,339.60,126.72,231.05,35.70,0.00,16.00,75802.16,316320.64,4289023.13,0.00,15.05,45299.56,12694.66,790.34,92.40,0.00,3885677.41,0.00,0.00,429735983.09,0.00,2032.84,12297304.01,3567950.19,0.00,6338789.52,29222298.43,11799365.87,22178355.25
2019-03-01,0.00,-35.32,-98.29,511.73,4883.11,0.00,0.03,105.34,20.45,0.00,80.83,330.30,112.29,214.81,35.50,0.00,12.20,80196.29,441650.26,4464516.79,0.00,18.91,39231.08,11777.33,796.21,89.52,0.00,2155935.69,0.00,0.00,437199779.10,0.00,2465.91,9968631.37,2217574.20,0.00,8679795.76,27557768.63,10116590.96,19364330.77
2019-04-01,0.00,-29.88,-153.76,517.70,4483.40,0.00,0.01,0.14,6.15,0.00,91.97,309.36,99.45,200.30,32.50,0.00,10.70,126195.49,428523.76,4077042.74,0.00,4.88,103.06,3591.41,793.34,80.09,0.00,1806203.91,0.00,0.00,357280494.94,0.00,652.28,13619.41,658685.79,0.00,9618604.44,23230332.51,7691718.39,15232189.18
2019-05-01,0.00,-25.88,-142.76,447.29,4946.11,0.00,0.19,1.50,26.13,0.00,217.43,369.40,84.01,174.60,27.10,0.00,7.60,114229.88,369876.95,4513920.18,0.00,146.89,1077.60,14743.82,784.77,81.14,0.00,1549821.91,0.00,0.00,398350682.08,0.00,20358.24,122504.36,3064155.82,0.00,21334023.62,28255983.41,5997005.53,12336613.97
2019-06-01,0.00,-33.09,-89.68,534.27,5080.81,0.00,0.91,77.89,45.21,0.00,274.13,295.71,78.20,137.63,23.70,0.00,6.20,71838.14,455615.22,4646707.03,0.00,635.22,29827.73,25510.81,794.51,95.48,0.00,2039424.56,0.00,0.00,470892217.24,0.00,203886.43,7926737.29,7698957.75,0.00,34936201.52,25568769.70,6137191.10,10339161.29
2019-07-01,0.00,-59.48,-123.02,426.33,5296.40,0.00,0.07,174.22,31.03,0.00,163.10,442.50,90.22,185.45,23.70,0.00,6.30,96644.36,344844.94,4827772.68,0.00,46.23,64879.65,17510.18,778.41,73.93,0.00,3286884.98,0.00,0.00,389388567.02,0.00,4899.48,14047230.60,3479887.82,0.00,16274232.88,31129961.34,5221469.63,10416087.20
2019-08-01,0.00,-71.68,-152.67,637.54,4902.65,0.00,0.40,251.83,41.57,0.00,200.11,421.24,118.03,241.30,25.20,0.00,6.00,117403.80,516253.25,4486169.00,0.00,278.23,95422.78,23470.79,759.32,88.23,0.00,3824997.88,0.00,0.00,426315278.29,0.00,49102.71,24430384.15,6979410.54,0.00,26958804.88,32491692.13,7263748.29,13645387.84
2019-09-01,0.00,-48.58,-173.48,737.64,3936.48,0.00,0.58,203.28,98.51,0.00,202.75,390.83,133.04,270.23,28.50,0.00,8.00,129886.85,605395.59,3612448.08,0.00,408.78,77466.52,55755.13,734.02,99.16,0.00,2796009.69,0.00,0.00,384912364.15,0.00,131675.15,22415094.86,14515740.69,0.00,27572515.78,33763083.15,10290015.69,19591511.07
2019-10-01,0.00,-49.85,-145.30,682.72,3789.34,0.00,0.98,238.42,179.60,0.00,250.21,330.11,155.95,322.82,36.70,0.00,10.40,107265.92,565235.47,3498152.69,0.00,665.63,90604.00,101322.89,720.89,103.92,0.00,3422208.68,0.00,0.00,388491294.93,0.00,183466.05,25603380.22,22143381.23,0.00,30502660.67,31232646.88,13667440.21,27848055.51
2019-11-01,0.00,-31.58,-78.37,446.62,4120.83,0.00,0.25,135.19,57.41,0.00,143.66,432.29,179.56,344.31,36.20,0.00,11.50,60739.59,369088.66,3791225.05,0.00,185.01,50362.04,32392.05,727.37,71.00,0.00,1873798.86,0.00,0.00,293401368.93,0.00,24642.32,10573181.05,5246594.43,0.00,12007033.85,29517557.56,11225559.58,21215889.46
2019-12-01,0.00,-11.13,-193.60,345.87,4858.90,0.00,-0.01,15.00,16.84,0.00,101.20,404.82,205.63,364.41,39.80,0.00,14.00,156193.09,298214.54,4437390.89,0.00,12.02,5613.71,9503.40,752.22,53.20,0.00,457397.77,0.00,0.00,260297385.22,0.00,944.09,952715.60,1020825.56,0.00,6377531.85,20925412.45,10466017.19,18273084.88
2020-01-01,0.00,-30.04,-113.21,461.90,5007.24,0.00,0.75,95.66,46.93,0.00,231.48,346.16,183.53,320.82,41.20,0.00,17.20,89988.02,402269.33,4578054.88,0.00,549.03,37039.87,27227.09,756.37,204.58,0.00,1645509.39,0.00,0.00,866152698.08,0.00,2486113.66,41289736.18,64230484.31,0.00,100016012.33,38371942.84,37014909.80,68332499.49
2020-02-01,0.00,-39.66,-77.12,466.97,4372.64,0.00,0.18,80.17,27.58,0.00,227.10,377.80,165.71,278.42,36.40,0.00,17.70,60125.56,414825.83,4000874.42,0.00,155.27,30292.80,15604.96,748.60,61.38,0.00,1978154.60,0.00,0.00,262098582.61,0.00,71432.60,6436163.56,3960162.29,0.00,18716574.36,20142323.79,10269525.81,17301843.37
2020-03-01,0.00,-12.74,-81.29,661.03,4170.92,0.00,-0.13,64.14,7.99,0.00,202.28,360.32,164.90,300.33,38.00,0.00,13.00,63020.72,553106.19,3817374.15,0.00,0.00,24051.87,4658.45,742.78,47.17,0.00,480726.12,0.00,0.00,197404633.53,0.00,0.00,3468529.39,537969.40,0.00,10735203.50,16111418.03,7205837.66,13161305.84
2020-04-01,0.00,-23.54,-58.68,599.07,3867.92,0.00,-0.12,58.05,0.86,0.00,131.06,361.91,126.96,259.47,28.40,0.00,11.20,44994.05,506664.72,3509976.75,0.00,0.00,21799.86,497.94,750.33,41.51,0.00,479435.96,0.00,0.00,162328849.37,0.00,0.00,3057995.52,56565.03,0.00,7243897.03,13481292.19,4073462.53,8002243.38
2020-05-01,0.00,-21.78,-25.61,696.44,4569.59,0.00,-0.02,75.95,5.32,0.00,55.32,380.51,127.50,233.64,28.00,0.00,8.00,20921.54,570881.52,4152110.92,0.00,0.10,28814.31,3099.89,776.46,43.54,0.00,662228.82,0.00,0.00,198924239.07,0.00,9.18,4328687.65,360574.19,0.00,3027641.38,14821214.96,4713823.18,8057656.55
2020-06-01,0.00,-23.51,-68.69,665.46,4896.41,0.00,0.04,94.33,9.28,0.00,180.39,322.34,98.57,201.35,22.60,0.00,7.10,54592.70,556171.69,4444454.59,0.00,22.65,36121.40,5711.58,782.30,50.60,0.00,922078.29,0.00,0.00,245019588.48,0.00,1442.36,7341656.17,1267403.82,0.00,11903699.68,13780068.02,4177938.81,8261287.29
2020-07-01,0.00,-14.81,-172.06,452.60,5502.74,0.00,0.00,110.77,7.37,0.00,160.57,346.70,130.32,213.04,22.90,0.00,7.00,139160.38,354732.18,5004087.61,0.00,2.83,42261.43,4488.09,781.69,50.11,0.00,522594.33,0.00,0.00,272225853.91,0.00,215.32,6918238.12,487893.68,0.00,11153372.12,15162149.57,5283052.29,8512236.65
2020-08-01,0.00,-17.29,-154.12,685.19,4750.32,0.00,0.03,94.67,1.16,0.00,282.62,476.05,146.19,299.67,24.70,0.00,6.20,116006.60,543791.60,4301794.18,0.00,18.17,36106.13,681.66,726.09,52.57,0.00,554136.28,0.00,0.00,246115730.34,0.00,898.41,7077892.93,55881.34,0.00,20190796.78,22307683.09,5643591.96,11563060.59
2020-09-01,0.00,-21.24,-29.83,564.19,3933.56,0.00,-0.01,18.49,4.35,0.00,172.32,449.34,204.99,350.75,31.70,0.00,8.80,22041.81,464528.41,3578608.34,0.00,0.09,7084.09,2501.51,713.79,42.31,0.00,616219.25,0.00,0.00,167409895.76,0.00,4.69,1172097.62,305554.47,0.00,9219326.93,17392571.78,6755481.37,11294490.34
2020-10-01,0.00,-17.00,-43.75,691.06,3726.37,0.00,0.04,99.53,22.47,0.00,150.38,370.67,235.66,398.46,33.70,0.00,11.60,33231.28,550167.51,3400526.89,0.00,42.26,37929.48,12783.01,704.35,60.12,0.00,597621.01,0.00,0.00,218052688.83,0.00,3675.37,8011047.07,2186321.40,0.00,16945439.55,19244320.87,11166124.99,20725853.15
2020-11-01,0.00,-21.24,-62.81,458.94,4012.00,0.00,-0.02,67.59,14.39,0.00,253.18,332.29,273.99,472.03,40.80,0.00,12.40,47239.49,368629.67,3675876.64,0.00,0.66,25684.53,8387.44,695.02,68.58,0.00,851580.41,0.00,0.00,269881929.98,0.00,101.13,7128372.14,2430082.45,0.00,30557041.36,21238041.52,20424668.44,35562871.26
2020-12-01,0.00,-38.05,-50.07,570.38,3844.70,0.00,0.20,37.22,31.18,0.00,301.56,431.00,305.34,435.86,30.80,21.11,14.40,35713.04,486048.94,3512224.24,0.00,155.30,14680.40,18265.67,680.77,83.86,0.00,1428114.06,0.00,0.00,289342378.81,0.00,141530.88,7802144.44,8333007.15,0.00,51860594.82,21632362.98,24288638.14,38193928.91
2021-01-01,0.00,-8.73,-43.92,573.98,4136.80,0.00,-0.02,63.60,2.21,0.00,253.64,406.65,304.55,479.68,37.10,22.69,15.20,32261.28,477151.29,3767606.60,0.00,0.54,23891.38,1282.34,686.99,40.50,0.00,247776.66,0.00,0.00,165578698.42,0.00,53.29,3509201.90,86739.87,0.00,12787436.07,15539233.93,11370120.14,18158590.30
2021-02-01,0.00,-7.15,-68.08,492.33,3772.52,0.00,-0.02,0.10,2.68,0.00,210.24,381.34,286.54,399.33,28.90,21.99,17.50,51101.37,435565.01,3425707.02,0.00,0.06,70.88,1651.38,696.89,35.45,0.00,222241.86,0.00,0.00,134458220.01,0.00,4.71,3458.84,86729.11,0.00,7742433.71,13320337.38,9635125.16,13351254.97
2021-03-01,0.00,-19.40,-45.60,598.98,4005.20,0.00,-0.02,12.38,21.43,0.00,202.25,469.81,278.98,373.59,30.60,20.77,12.20,34289.23,516663.47,3649746.01,0.00,0.08,4754.12,12103.58,703.50,39.70,0.00,593323.07,0.00,0.00,159696154.36,0.00,6.32,508962.02,1342128.53,0.00,8790119.50,18806112.36,9106441.61,11922486.85
2021-04-01,0.00,-29.49,-59.77,559.33,3910.65,0.00,-0.03,30.56,17.93,0.00,170.23,340.21,276.13,374.65,28.60,18.14,9.30,44492.07,453242.60,3545253.29,0.00,0.00,12633.42,10156.07,711.36,59.68,0.00,949415.40,0.00,0.00,233881304.43,0.00,0.00,3363666.87,2584601.03,0.00,16307642.24,16604714.24,9691444.19,12152751.31
2021-05-01,0.00,-22.78,-83.46,487.49,4510.51,0.00,0.01,25.98,37.38,0.00,323.43,363.80,235.82,285.83,25.90,15.58,7.80,60253.49,394231.18,4080622.83,0.00,14.07,10696.72,21635.82,721.44,134.99,0.00,975516.64,0.00,0.00,539614720.44,0.00,968.29,5387533.60,11464892.64,0.00,86856197.46,32575102.21,11616904.89,13404756.67
2021-06-01,0.00,-55.31,-83.98,490.55,4909.39,0.00,0.38,144.41,72.05,0.00,327.66,451.95,144.96,241.52,21.50,12.98,5.90,62946.54,382621.80,4433923.94,0.00,277.55,56778.44,41963.42,730.42,182.21,0.00,2948445.51,0.00,0.00,838143066.43,0.00,267400.91,32276652.46,40789204.81,0.00,119403408.95,57684040.18,11312531.08,18759682.16
2021-07-01,0.00,-101.04,-51.33,618.37,4953.22,0.00,0.50,102.63,111.35,0.00,200.93,568.33,169.14,291.25,25.00,12.87,5.20,37309.08,482588.09,4525157.85,0.00,396.32,39850.88,63674.07,739.34,136.22,0.00,5374479.83,0.00,0.00,645353582.10,0.00,117888.90,21336202.17,30437405.15,0.00,62137804.94,53056680.10,14649761.27,24114417.38
2021-08-01,0.00,-19.33,-62.81,557.34,4447.02,0.00,-0.04,27.54,31.33,0.00,126.57,512.23,261.06,394.57,25.40,14.30,7.90,44395.85,428596.23,4060508.63,0.00,31.33,11045.56,17698.04,712.85,64.58,0.00,201554.61,0.00,0.00,293635862.87,0.00,3637.95,2924960.25,3656852.56,0.00,12307264.33,28810840.99,8984498.82,11471261.44
2021-09-01,0.00,-30.15,-51.11,474.98,3711.57,0.00,-0.06,75.91,17.35,0.00,140.26,500.03,326.67,485.80,30.00,16.30,7.30,32408.70,361593.50,3380439.02,0.00,0.00,28607.67,9828.16,663.23,52.13,0.00,-193636.41,0.00,0.00,200463702.23,0.00,0.00,5963722.48,1816548.99,0.00,9894095.11,22892387.84,7941104.63,9849266.44
2021-10-01,0.00,-36.67,-50.88,464.68,3535.05,0.00,-0.06,56.20,1.28,0.02,246.24,474.14,366.97,573.88,32.60,18.22,10.30,34315.11,373652.13,3233426.76,0.00,0.00,21343.63,745.27,638.42,60.02,0.00,-372435.16,0.00,0.00,221950046.23,0.00,0.00,4822671.06,152904.05,912.91,18514035.23,25340493.23,13012138.00,17125918.92
2021-11-01,-0.09,-14.14,-59.04,458.89,3679.55,0.00,-0.05,53.04,7.57,0.09,182.35,487.97,260.07,482.12,29.70,18.83,13.00,42107.05,352678.17,3362872.70,0.00,23.55,19852.69,4396.77,667.66,66.02,5566.32,376229.51,0.00,0.00,246181741.88,0.00,1768.40,3948953.96,562941.43,5365.34,14809275.23,29162398.01,15468393.34,25610492.35
2021-12-01,-0.91,-13.68,-119.81,488.60,3734.75,0.00,-0.05,80.96,9.96,0.74,245.87,377.47,577.22,624.09,34.20,20.98,14.00,81786.66,394573.45,3413570.76,0.00,74.02,30269.46,5673.55,626.52,70.32,45463.75,211166.46,0.00,0.00,268603743.93,0.00,14695.47,7322013.02,1076691.49,54090.88,20647835.82,25319579.36,31118333.34,33595333.13
2022-01-01,-1.48,-8.61,-279.65,328.85,4229.93,0.00,-0.19,182.50,4.79,1.16,268.48,460.54,535.04,580.76,30.20,23.47,17.40,196676.83,278756.81,3867117.23,0.00,5.29,68262.98,2721.52,637.91,79.14,106332.17,387943.33,0.00,0.00,338853231.53,0.00,621.98,15737708.20,746099.51,119262.80,23672266.63,33220201.97,38465054.36,43641311.06
2022-02-01,-2.01,-30.71,-200.07,282.60,3676.58,0.00,0.07,159.62,19.09,1.67,252.72,469.09,496.71,514.48,31.70,22.10,15.80,134339.04,226688.94,3345676.56,0.00,133.71,59720.92,11113.98,622.18,85.55,146479.05,1267418.17,0.00,0.00,315682254.02,0.00,11725.08,15442804.18,2090634.94,190251.78,25368478.16,36666017.80,37404080.48,37891739.66
2022-03-01,-2.26,-12.40,-63.27,460.17,3705.75,0.00,-0.11,250.58,30.44,1.85,214.93,471.74,468.83,450.99,28.50,20.92,13.60,40116.26,381539.92,3387992.69,0.00,0.00,93272.07,18524.28,642.64,102.24,193324.80,919683.35,0.00,0.00,381696080.72,0.00,0.00,26106168.28,3761560.66,250493.87,25219715.76,46783043.52,41461492.19,39781379.22
2022-04-01,-3.37,-47.89,-68.34,418.90,3649.61,0.00,-0.07,130.96,46.82,2.94,187.71,461.99,359.27,372.33,29.70,18.90,12.50,45481.73,333951.08,3325134.31,0.00,12.16,54076.83,28198.62,670.66,192.85,456458.52,4451750.29,0.00,0.00,706558283.58,0.00,4499.22,26223808.83,12835834.83,719088.34,48570129.88,84691644.04,48938307.25,52896975.75
2022-05-01,-3.06,-117.57,-47.11,500.89,3903.23,0.00,0.79,253.36,110.83,2.59,449.42,516.64,302.71,318.88,26.30,15.87,8.40,29055.12,391552.99,3554775.19,0.00,473.58,96398.72,67240.84,659.18,333.62,765147.78,27802603.78,0.00,0.00,1291256452.18,0.00,405966.31,88224831.20,52352654.45,1974689.53,206176331.31,156386996.24,68509622.84,71009996.50
2022-06-01,-3.25,-112.11,-15.99,905.91,3949.64,0.00,0.96,274.09,255.38,2.73,430.66,566.47,233.74,320.99,21.40,12.60,6.20,10439.62,662479.78,3593599.22,0.00,630.99,108874.49,150114.37,661.64,411.61,1176915.47,32030498.95,0.00,0.00,1636989879.67,0.00,550198.30,114579605.37,107760835.57,1742558.26,216878988.60,224673568.08,72139338.44,98456486.58
2022-07-01,-4.21,-93.69,-89.74,654.42,4595.48,0.00,0.62,161.53,161.29,3.57,387.83,616.45,310.80,316.43,21.20,12.68,5.00,58377.27,466532.89,4164559.47,0.00,440.80,61052.24,98204.26,674.06,384.22,1207422.89,20808999.82,0.00,0.00,1760333806.63,0.00,316178.47,73930798.06,83137048.23,1768779.26,188581974.09,207439008.12,85350307.65,78292925.26
2022-08-01,-2.11,-49.83,-70.31,585.41,4466.94,0.00,0.04,109.67,9.68,1.70,213.93,607.78,338.63,415.32,24.40,14.28,7.10,46788.68,403680.09,4072533.06,0.00,23.24,41787.87,5532.40,675.55,155.45,189203.76,3296897.44,0.00,0.00,714435378.81,0.00,6673.95,21219410.82,2682565.88,395314.79,42671287.64,81119088.00,32653784.87,36571651.36
2022-09-01,-1.94,-72.40,-70.53,560.96,3862.21,0.00,0.01,103.46,9.79,1.52,228.30,479.56,376.94,496.53,24.20,15.65,8.50,44908.07,398248.24,3522153.53,0.00,4.89,39157.75,5625.48,656.18,161.14,136655.55,2216279.13,0.00,0.00,642838996.06,0.00,923.91,20723089.11,2245547.16,353270.56,47491085.44,70462680.64,32943677.94,37061360.32
2022-10-01,-1.89,-32.54,-115.77,533.16,3636.78,0.00,0.03,98.33,13.31,1.51,252.39,518.73,400.16,551.11,28.30,18.02,10.00,75986.59,387400.07,3325269.37,0.00,15.35,36904.97,7848.68,628.74,157.80,170915.16,2173648.94,0.00,0.00,589319665.17,0.00,5948.38,18496855.23,3155875.65,317484.50,46698057.90,79310492.77,39754483.35,57835701.41
2022-11-01,-2.40,-43.64,-172.27,371.89,3270.90,0.00,0.05,48.28,6.57,1.95,340.76,476.16,523.20,781.33,27.90,18.84,10.00,106568.55,252289.84,3001913.61,0.00,29.54,18231.66,3970.99,565.77,118.49,153997.77,1144870.57,0.00,0.00,411556889.96,0.00,7115.18,6186096.43,1102942.22,298160.78,51554483.35,52435976.21,35152962.09,48268327.45
2022-12-01,-1.61,-68.21,-140.43,578.91,3249.41,0.00,0.03,28.97,3.54,1.23,302.05,468.00,653.74,796.48,29.50,20.12,12.70,84009.33,429250.14,2977658.61,0.00,19.19,10830.33,2175.12,568.10,86.76,51995.70,-127988.92,0.00,0.00,301907584.74,0.00,12830.10,3344771.36,170646.58,148389.22,33322194.05,42510342.65,26162581.08,26638193.68
2023-01-01,-1.59,-32.83,-110.20,527.99,3613.21,0.00,0.06,52.83,14.73,1.17,349.48,451.95,631.94,723.25,30.10,22.17,15.10,67802.27,397111.79,3301654.75,0.00,31.14,20152.24,8653.24,588.20,98.19,135464.25,1262084.59,0.00,0.00,366026199.68,0.00,17829.07,6330605.89,1989881.88,158683.60,41328367.47,42992343.92,46724756.43,55785310.35
2023-02-01,-1.49,-31.02,-124.89,480.03,3627.08,0.00,0.22,2.52,13.23,1.14,163.00,459.36,608.56,698.09,30.30,22.94,17.10,75917.79,349346.12,3309618.72,0.00,148.52,1108.21,7826.94,609.27,93.88,91205.65,722194.36,0.00,0.00,351670374.77,0.00,56623.03,394218.00,2489982.22,151955.38,19275375.02,40279282.62,43064546.48,49268952.67
2023-03-01,-2.18,-35.42,-92.99,505.04,3826.48,0.00,0.20,219.36,22.22,1.63,264.79,492.03,518.24,638.71,37.60,22.53,14.40,60401.00,372943.30,3491708.20,0.00,129.44,82434.72,13283.65,613.41,127.93,145806.14,1497799.86,0.00,0.00,488118203.27,0.00,583973.95,29150297.06,18790676.05,552387.03,61493627.74,55759090.31,43123720.88,44887798.61
2023-04-01,-2.89,-65.17,-74.13,585.34,3366.37,0.00,0.05,161.78,23.93,2.41,206.53,426.14,414.32,503.06,27.30,18.04,10.70,49957.28,422748.02,3062649.19,0.00,27.85,61855.48,13860.03,632.91,116.70,171588.26,2021907.45,0.00,0.00,409798872.18,0.00,20897.51,22566971.64,5882865.26,518504.47,38148628.63,40540493.06,28097701.09,29665386.60
2023-05-01,-3.31,-66.52,-72.26,732.48,4010.57,0.00,0.62,150.58,73.74,2.74,371.10,461.97,347.60,483.45,23.50,14.43,6.80,48003.47,522382.44,3611382.95,0.00,395.26,59180.09,42558.10,645.01,211.34,361796.11,5484983.56,0.00,0.00,840973366.57,0.00,645988.04,33386741.87,37823555.44,1174706.37,128595289.76,83778961.34,36222495.15,47303823.63
2023-06-01,-2.47,-44.52,-81.90,705.16,4299.17,0.00,0.49,109.13,14.21,1.98,351.84,567.28,294.37,379.58,21.70,13.51,5.30,56665.66,485908.92,3876039.96,0.00,329.86,42216.20,8083.94,660.55,112.66,156254.28,2075467.06,0.00,0.00,496049746.51,0.00,224149.51,15869569.34,4113164.24,480228.07,56994814.42,52652120.58,17535156.20,22191083.23
2023-07-01,-3.41,-39.55,-50.79,812.40,4115.70,0.00,0.01,102.55,34.49,2.79,324.71,521.38,367.74,443.87,25.10,13.93,5.20,33946.92,557203.50,3716734.76,0.00,4.15,39815.63,19547.11,648.29,90.49,142121.25,846902.51,0.00,0.00,395573463.47,0.00,321.14,13294109.49,5621421.26,449986.12,38824430.44,38209908.06,14522715.98,14643175.99
2023-08-01,-4.90,-53.83,-34.58,873.19,3646.86,20.29,0.40,101.99,64.11,3.98,326.35,414.42,496.57,543.08,27.10,14.55,7.70,20195.85,635904.55,3303949.01,707.76,282.37,39845.50,36292.88,624.70,102.47,244412.28,1242509.76,0.00,0.00,381906939.26,1818146.67,218213.85,15500596.09,15365060.00,980878.25,54882850.06,33569927.81,19329682.47,17098066.86
2023-09-01,-7.53,-65.25,-62.47,690.34,3155.34,17.26,0.00,22.18,18.89,6.15,170.98,456.30,650.43,747.22,34.40,17.43,7.40,28823.51,479311.35,2864067.41,607.05,0.00,8872.99,10696.54,574.97,72.91,109744.38,336789.98,0.00,0.00,251500543.19,1121932.31,0.00,2631484.26,3493069.93,848585.97,20851915.78,28801979.19,13321590.64,7216045.78
2023-10-01,-8.01,-57.98,-121.24,586.67,3132.02,18.35,0.15,8.47,18.92,6.19,231.36,574.68,566.26,878.54,35.60,18.88,9.90,67928.38,397493.01,2836017.34,636.28,94.47,3277.02,11109.55,545.16,47.67,-14168.12,-1490295.80,0.00,0.00,171824167.53,741253.40,1673.46,714357.91,1736016.64,542768.47,16165862.31,23623648.54,4630216.22,823987.77
2023-11-01,-9.79,-31.14,-115.44,575.48,3043.99,9.80,1.23,48.26,85.24,7.85,329.94,442.81,682.03,763.90,31.60,20.32,13.70,64649.03,405379.20,2758550.44,329.43,821.52,18906.29,48960.80,543.06,93.54,516902.58,351439.23,0.00,0.00,283698611.71,1079411.75,342287.33,7426010.05,17550786.22,1673849.63,47970709.23,36750886.35,36913546.92,42656765.58
2023-12-01,-10.29,-17.02,-230.90,445.40,3725.91,16.40,0.10,57.05,30.58,8.20,260.79,502.05,778.58,896.70,38.90,22.81,15.80,143029.51,300563.79,3369866.21,549.16,65.30,21538.83,17669.50,551.90,75.60,385375.05,28238.85,0.00,0.00,291317872.87,1261223.44,30740.58,6242650.96,4264780.75,1154685.95,28693975.29,32896532.26,39310947.19,48527507.30
2024-01-01,-11.43,-36.69,-253.89,393.46,4049.59,15.07,0.26,6.60,35.22,9.35,201.93,575.14,775.30,805.01,38.40,23.82,18.00,164169.55,298539.23,3656944.04,516.39,161.97,2688.70,21777.11,581.34,92.55,518307.42,1379369.85,0.00,0.00,364376453.10,1419273.28,184189.11,4609353.71,10298575.82,1906971.97,44965124.12,46041393.92,49992775.77,62909477.30
2024-02-01,-12.50,-41.64,-189.98,373.71,3895.02,13.46,0.47,23.84,52.85,10.35,213.66,500.26,724.72,733.55,36.60,23.32,15.90,119757.21,281018.90,3519738.51,458.88,319.38,10025.49,31813.30,591.26,137.81,848015.29,1646926.08,0.00,0.00,500197006.98,1836720.54,922945.65,11794852.79,26097914.92,3512597.17,80262365.26,44756401.28,63266709.58,114301941.44
2024-03-01,-13.35,-48.98,-167.22,391.43,3880.63,13.94,0.07,3.81,90.01,10.98,186.68,490.40,670.08,753.68,31.60,22.03,13.70,102618.53,285106.28,3507607.20,472.37,46.17,1639.31,61715.16,599.47,74.54,573648.95,1641125.97,0.00,0.00,301347891.38,1035345.18,2482.65,461253.50,7676139.71,1364335.86,19070249.92,35011774.82,31938615.08,45127860.80
2024-04-01,-12.58,-35.51,-176.81,417.29,3660.53,13.50,0.32,4.87,72.38,10.46,165.47,422.47,525.21,605.17,28.30,18.81,11.60,112839.39,299957.44,3307610.16,449.10,216.10,3045.29,44075.14,624.48,95.31,629787.24,674221.39,0.00,0.00,367505756.93,1227392.09,58231.50,1092669.89,9933873.17,1656523.39,23327389.60,35218675.31,23173895.36,25965106.80
2024-05-01,-15.53,-80.15,-107.57,533.64,4163.66,12.64,1.22,41.75,153.45,12.89,198.33,505.84,429.40,472.13,24.10,15.67,8.80,70742.07,388747.81,3746395.22,419.00,843.11,19280.81,88627.12,660.20,298.75,2038959.37,5585861.69,0.00,0.00,1069248119.80,4651322.51,4001690.70,32890239.47,125117956.73,10597344.92,236106152.82,117645683.47,51356328.96,50394199.26
2024-06-01,-15.22,-82.94,-94.85,616.58,4589.69,17.57,1.86,143.35,157.22,12.88,198.84,445.30,347.02,402.77,21.70,12.70,5.70,63866.07,442576.54,4146396.04,601.25,1295.74,57963.86,96012.18,694.50,162.62,1791756.77,5122808.55,0.00,0.00,738039212.59,2872298.26,579849.22,32246089.91,40505083.93,3295648.93,54052489.03,55467410.08,31958884.54,35969380.30
2024-07-01,-16.41,-84.64,-164.25,492.11,4734.14,15.42,0.03,81.92,98.29,13.76,247.97,749.96,391.25,493.90,22.30,12.93,6.80,110351.59,324769.71,4275476.32,538.12,18.24,34473.45,60731.10,650.13,138.89,1301344.30,4283069.72,0.00,0.00,661929104.55,1976806.28,3706.98,17614941.86,20088259.38,3989944.62,65767172.36,83260937.50,23781317.68,27484042.64
2024-08-01,-14.26,-88.23,-110.78,580.72,3954.34,17.69,0.48,61.59,116.54,11.19,281.16,563.14,483.26,614.86,30.20,15.98,7.00,70147.97,377325.82,3564371.47,619.45,324.20,26420.45,69975.92,613.27,209.71,1150361.59,1977601.18,0.00,0.00,834153885.54,3293790.37,562231.54,26075780.71,60684119.17,7913103.90,129757347.98,52018302.60,34839120.42,24501789.47
2024-09-01,-8.78,-94.36,-68.47,674.73,2981.82,18.63,0.50,19.10,54.21,6.92,200.20,723.99,474.57,817.59,29.40,17.30,6.70,36351.27,461369.48,2694109.51,656.34,355.83,7512.59,32583.18,544.81,66.53,22634.88,-1285877.15,0.00,0.00,225368130.58,1118029.92,77206.96,2308493.66,5859645.87,932718.89,23457114.81,39964250.09,1975928.69,-6190971.71
2024-10-01,-14.74,-47.64,-105.24,461.71,3120.81,17.22,3.72,3.33,25.48,9.83,250.39,527.66,655.43,928.86,29.40,18.21,11.50,51757.05,311091.36,2804842.55,603.63,2276.02,1724.62,17555.54,528.77,86.11,574279.75,-197993.08,0.00,0.00,286955847.59,1377891.43,477145.63,725925.57,3758127.46,1344164.07,34914021.98,37392419.38,25764333.30,35566526.43
2024-11-01,-18.26,-95.74,-128.66,369.29,3223.06,15.03,1.20,8.48,94.21,13.19,373.41,557.13,726.24,879.46,32.30,21.25,16.10,68510.25,257126.14,2885629.09,524.47,826.48,6068.48,58063.05,521.72,198.08,1859632.28,5375540.10,0.00,0.00,764719754.73,3584919.39,3152639.95,9139079.68,75207263.25,8034731.87,192856637.95,127432139.47,97446889.15,141639800.31
2024-12-01,-18.09,-119.75,-262.96,400.07,3686.88,12.07,0.82,5.73,115.97,12.09,193.87,531.00,933.69,1171.13,37.20,23.13,16.50,150834.80,282723.91,3322213.07,408.85,563.38,4098.15,71468.59,529.93,164.72,1001683.88,2823148.79,0.00,0.00,580356585.20,2086784.83,498122.02,3361713.32,39664106.88,5525436.23,78900544.22,57962018.58,82443009.57,104638827.43
2025-01-01,-16.14,-67.44,-288.59,297.33,3704.53,15.91,0.06,26.75,58.07,10.11,141.66,685.71,929.43,964.29,35.30,22.49,15.10,164799.50,202481.76,3341564.60,536.74,33.21,10553.28,35864.93,530.24,93.23,760408.26,845323.66,0.00,0.00,357155832.34,1304560.57,121830.07,2148342.43,9199398.14,1350772.13,23354967.61,57569713.77,49050827.94,60678596.32
2025-02-01,-17.20,-68.64,-169.99,362.17,3406.66,13.19,0.03,20.33,66.58,10.37,169.15,511.19,813.20,918.65,31.90,23.05,14.60,94248.27,240100.13,3070467.60,454.59,15.14,8053.04,39537.59,540.85,102.19,950666.21,248175.14,0.00,0.00,349525785.69,1257819.42,18903.41,3573053.61,10819194.60,2212801.38,30328745.06,48911722.27,48491929.03,51765352.30
2025-03-01,-21.43,-71.71,-145.02,419.96,3880.29,12.83,0.02,12.62,42.84,12.30,152.66,737.64,707.41,746.74,36.80,22.62,15.60,82815.49,291910.26,3486242.15,421.26,10.49,5176.68,25619.80,574.45,100.63,1076355.75,1854929.63,0.00,0.00,395956274.45,1415964.99,28421.46,5226738.18,12221586.01,3220664.13,35246978.11,55605616.29,31473041.21,27891938.51
2025-04-01,-25.78,-50.46,-96.20,520.86,3103.70,1.57,0.21,132.49,59.22,16.33,189.88,493.36,613.38,689.55,29.40,19.97,13.20,56372.99,365379.09,2820404.27,268.05,121.11,50045.23,38185.62,569.75,114.71,1360271.64,221388.21,0.00,0.00,368490771.23,676202.08,88267.15,21426647.73,15231932.97,3474085.38,42461091.12,47272348.57,25374297.77,20403139.35