date,Battery (Charging) -  GWh,Coal (Black) -  GWh,Bioenergy (Biogas) -  GWh,Bioenergy (Biomass) -  GWh,Distillate -  GWh,Gas (CCGT) -  GWh,Gas (OCGT) -  GWh,Battery (Discharging) -  GWh,Hydro -  GWh,Wind -  GWh,Solar (Utility) -  GWh,Solar (Rooftop) -  GWh,Temperature Max - C,Temperature Mean - C,Temperature Min - C,Coal (Black) Emissions Vol - tCO₂e,Bioenergy (Biogas) Emissions Vol - tCO₂e,Distillate Emissions Vol - tCO₂e,Gas (CCGT) Emissions Vol - tCO₂e,Gas (OCGT) Emissions Vol - tCO₂e,Emissions Intensity - kgCO₂e/MWh,Battery (Charging) Market Value - AUD,Coal (Black) Market Value - AUD,Bioenergy (Biogas) Market Value - AUD,Bioenergy (Biomass) Market Value - AUD,Distillate Market Value - AUD,Gas (CCGT) Market Value - AUD,Gas (OCGT) Market Value - AUD,Battery (Discharging) Market Value - AUD,Hydro Market Value - AUD,Wind Market Value - AUD,Solar (Utility) Market Value - AUD,Solar (Rooftop) Market Value - AUD
2013-12-01,0.00,363.85,4.91,0.00,0.01,91.80,126.80,0.00,0.00,68.84,1.18,0.00,40.30,0.00,9.90,310699.07,363.14,9.90,36226.51,83144.66,654.78,0.00,16880631.40,227112.38,0.00,618.52,4350368.28,5999487.73,0.00,0.00,3068433.68,56587.55,0.00
2014-01-01,0.00,852.61,10.53,0.00,0.08,268.56,311.22,0.00,0.00,173.22,2.02,0.00,43.50,0.00,9.60,730023.95,782.17,47.98,104954.18,210747.03,646.73,0.00,49175951.19,571983.78,0.00,4745.95,15891434.01,19575812.21,0.00,0.00,8932214.45,129878.15,0.00
2014-02-01,0.00,774.99,9.52,0.00,0.03,238.26,302.39,0.00,0.00,156.75,2.03,0.00,37.90,0.00,13.30,664904.79,709.49,27.07,92791.41,202746.46,647.71,0.00,48804582.41,565022.61,0.00,2276.58,15284560.66,20220013.27,0.00,0.00,8425573.38,138673.50,0.00
2014-03-01,0.00,818.60,10.23,0.00,0.03,255.78,267.04,0.00,0.00,135.49,2.01,0.00,38.20,0.00,8.00,698257.16,762.63,25.61,100095.72,176067.33,654.86,0.00,49572442.27,592484.40,0.00,2988.32,16028979.88,16631881.81,0.00,0.00,7256009.77,131040.69,0.00
2014-04-01,0.00,662.29,9.79,0.00,1.13,276.67,231.63,0.00,0.00,105.23,1.78,0.00,35.00,0.00,5.60,562035.32,728.70,640.18,107739.87,152575.30,639.28,0.00,38916371.29,561511.51,0.00,71808.13,16586809.46,13989025.95,0.00,0.00,5637512.20,105563.35,0.00
2014-05-01,0.00,756.88,10.35,0.00,0.02,270.78,255.37,0.00,0.00,88.60,1.37,0.00,24.40,0.00,5.20,642757.27,771.99,13.52,105860.18,189545.67,678.74,0.00,45970470.75,611666.42,0.00,1120.90,16503693.93,15927627.62,0.00,0.00,4720594.19,80197.95,0.00
2014-06-01,0.00,699.75,9.22,0.00,0.24,275.36,362.36,0.00,0.00,132.21,1.47,0.00,24.90,0.00,1.00,601809.04,688.67,190.37,107491.32,261484.77,656.26,0.00,50978977.25,644350.06,0.00,25160.47,19553002.43,29091732.34,0.00,0.00,8209321.79,95299.53,0.00
2014-07-01,0.00,602.76,10.11,0.00,0.08,268.80,475.89,0.00,0.00,114.18,1.51,0.00,22.60,0.00,2.30,515243.31,752.49,43.29,104652.65,329959.62,645.24,0.00,41422828.51,680602.35,0.00,4720.52,19310487.25,35243207.45,0.00,0.00,7190264.36,95796.86,0.00
2014-08-01,0.00,670.31,11.10,0.00,0.00,260.99,357.41,0.00,0.00,113.68,1.66,0.00,26.80,0.00,3.10,566970.82,827.26,0.00,102295.47,241438.81,644.12,0.00,32810521.77,524089.13,0.00,0.00,13333925.63,18870024.40,0.00,0.00,4687852.54,77998.89,0.00
2014-09-01,0.00,676.04,11.03,0.00,0.80,255.83,251.52,0.00,0.00,121.11,1.67,0.00,34.50,0.00,4.20,567577.31,821.57,454.03,100117.25,168696.04,635.56,0.00,25964455.94,409616.73,0.00,31132.19,10330804.64,10122407.08,0.00,0.00,4039390.90,68849.11,0.00
2014-10-01,0.00,680.16,11.05,0.00,0.00,232.52,284.59,0.00,0.00,123.94,2.09,0.00,35.80,0.00,5.10,589578.76,822.78,1.43,91472.68,217491.56,674.01,0.00,23983435.24,383300.97,0.00,85.85,8299540.85,10372127.53,0.00,0.00,4077929.51,73423.52,0.00
2014-11-01,0.00,600.75,10.26,0.00,0.01,242.52,334.62,0.00,0.00,128.99,2.15,0.00,38.20,0.00,8.30,496644.88,765.60,5.08,95078.98,223127.52,618.22,0.00,25283565.30,427195.22,0.00,269.13,10428800.89,15269941.66,0.00,0.00,5091465.32,88111.49,0.00
2014-12-01,0.00,718.84,9.55,0.00,0.47,219.45,302.18,0.00,0.00,169.18,2.39,0.00,41.50,0.00,10.40,605210.67,713.66,286.54,86952.67,204191.02,631.03,0.00,22283967.99,291300.77,0.00,21374.84,6999269.76,9809409.45,0.00,0.00,4918802.00,78392.82,0.00
2015-01-01,0.00,741.30,9.08,0.00,0.23,260.54,388.96,0.00,0.00,162.73,2.32,0.00,44.20,0.00,13.70,625262.26,680.92,126.72,102369.90,260634.90,631.93,0.00,40331455.19,464153.91,0.00,38381.44,15759503.47,28895630.66,0.00,0.00,6726015.90,132650.00,0.00
2015-02-01,0.00,728.20,8.87,0.00,0.13,239.17,364.14,0.00,0.00,118.23,1.87,0.00,39.60,0.00,14.90,617293.94,661.07,81.36,93508.76,247199.41,656.40,0.00,41646905.46,478094.47,0.00,7116.02,14533066.23,24440421.98,0.00,0.00,5372757.32,128445.19,0.00
2015-03-01,0.00,838.43,10.13,0.00,0.10,216.66,321.31,0.00,0.00,112.86,1.88,3.80,38.60,0.00,10.80,716363.52,752.70,54.85,85708.26,216372.31,677.17,0.00,34522166.27,404565.13,0.00,8004.09,9370979.43,14227945.58,0.00,0.00,3957816.70,82653.17,72137.61
2015-04-01,0.00,647.20,9.76,0.00,0.04,184.10,338.00,0.00,0.00,143.73,1.61,13.79,30.50,0.00,8.40,560543.02,726.09,29.01,73260.86,232793.55,648.14,0.00,23254795.33,329160.89,0.00,1592.63,6820804.34,12653232.50,0.00,0.00,3963775.84,60684.81,261515.78
2015-05-01,0.00,751.71,9.00,0.00,0.02,180.55,334.17,0.00,0.00,138.41,1.70,12.97,26.10,0.00,3.00,635583.99,674.09,19.06,72083.33,251380.93,671.84,0.00,29927590.66,335509.89,0.00,573.82,7340984.16,13826193.06,0.00,0.00,4405366.32,67308.49,255161.55
2015-06-01,0.00,702.80,10.05,0.00,0.12,203.16,351.29,0.00,0.00,123.44,1.27,10.50,24.90,0.00,1.80,593295.65,749.50,73.37,80527.97,251151.42,660.04,0.00,29055082.18,383212.82,0.00,4215.38,8791524.85,15366656.08,0.00,0.00,3873709.86,49000.28,202052.32
2015-07-01,0.00,788.02,11.06,0.00,0.02,206.83,395.24,0.00,0.00,112.83,1.31,10.30,21.80,0.00,0.10,668114.61,825.86,13.76,82185.53,281032.74,676.56,0.00,35717595.00,473907.73,0.00,1002.45,9880284.33,18957853.50,0.00,0.00,4309855.75,53155.02,206921.81
2015-08-01,0.00,683.30,10.88,0.00,0.02,242.18,396.37,0.00,0.00,117.75,1.56,13.85,27.40,0.00,3.30,568709.99,812.36,23.98,95555.42,281497.50,645.74,0.00,34419331.49,525914.62,0.00,931.11,13299226.56,21478172.88,0.00,0.00,5394730.80,69155.77,297219.25
2015-09-01,0.00,653.31,9.81,0.00,0.00,203.06,346.35,0.00,0.00,126.72,2.04,19.63,31.60,0.00,1.70,551803.06,734.06,0.00,80416.44,241986.32,642.91,0.00,28929836.39,403656.31,0.00,0.00,8745680.94,15790921.20,0.00,0.00,4622019.61,75876.59,358151.63
2015-10-01,0.00,597.70,10.30,0.00,0.98,148.32,441.27,0.00,0.00,107.55,2.01,30.00,34.70,0.00,3.70,523703.68,766.67,562.76,57554.96,320584.39,674.95,0.00,32496464.36,544502.26,0.00,66752.11,7736043.83,25417786.40,0.00,0.00,5168557.20,105901.67,914054.69
2015-11-01,0.00,736.68,10.11,0.00,0.50,78.65,386.94,0.00,0.00,129.64,2.01,73.12,39.20,0.00,8.80,623070.67,753.02,279.94,29596.36,287679.38,664.05,0.00,37173649.14,502445.01,0.00,31290.12,4421876.47,20817899.53,0.00,0.00,6038087.69,100080.41,1837643.89
2015-12-01,0.00,769.01,11.08,0.00,0.01,216.63,314.68,0.00,0.00,163.85,2.21,78.17,41.70,0.00,8.30,650975.86,828.20,13.30,85358.31,212701.11,610.60,0.00,33752987.14,457374.93,0.00,1114.41,9929727.80,15396560.71,0.00,0.00,6073460.37,92701.00,1709473.80
2016-01-01,0.00,811.88,11.03,0.00,0.02,241.62,415.17,0.00,0.00,124.17,1.96,68.75,43.00,0.00,12.80,695599.46,823.66,20.15,95464.19,297122.65,650.32,0.00,43109598.05,547828.21,0.00,988.98,13727118.77,24157107.51,0.00,0.00,5483289.49,115739.35,2082303.40
2016-02-01,0.00,798.59,10.35,0.00,0.20,157.64,400.86,0.00,0.00,142.40,2.17,73.78,42.70,0.00,7.10,683893.06,772.13,117.19,61986.65,278053.17,646.17,0.00,36780649.28,450914.58,0.00,11190.99,8095340.10,19977144.96,0.00,0.00,5634916.81,106547.29,1824845.55
2016-03-01,0.00,765.29,10.71,0.00,0.05,216.03,401.26,0.00,0.00,143.07,2.00,66.06,40.10,0.00,11.80,648914.19,799.56,28.08,85467.33,278826.48,632.01,0.00,35014520.16,471867.31,0.00,1989.37,10742372.07,19974199.14,0.00,0.00,5906952.85,98805.70,1645770.34
2016-04-01,0.00,711.70,10.30,0.00,0.07,231.50,328.69,0.00,0.00,107.75,1.57,45.31,33.90,0.00,9.20,620086.72,771.44,61.11,91260.49,222756.84,650.66,0.00,36841477.07,526261.65,0.00,4120.53,12810961.46,18044337.86,0.00,0.00,4753289.45,82963.96,1124425.71
2016-05-01,0.00,702.89,10.42,0.00,0.01,315.37,405.02,0.00,0.00,83.59,1.44,43.17,26.20,0.00,3.10,617145.22,778.45,3.56,123121.60,292329.22,661.61,0.00,45856342.12,659298.86,0.00,259.60,21472927.66,28969676.40,0.00,0.00,4631731.25,81184.38,1200423.52
2016-06-01,0.00,821.98,9.99,0.00,0.02,268.34,388.78,0.00,0.00,96.54,1.08,37.78,24.70,0.00,3.30,706819.87,750.30,19.13,105396.11,277668.70,671.37,0.00,51997960.74,612909.86,0.00,1039.57,18186857.39,26970983.52,0.00,0.00,5284677.10,52823.88,973711.46
2016-07-01,0.00,902.42,10.39,0.00,0.11,207.60,393.51,0.00,0.00,139.20,1.41,41.81,22.60,0.00,0.90,772383.73,776.25,67.31,82789.91,281348.91,670.44,0.00,55162772.57,598036.39,0.00,5916.55,12876275.75,27519098.01,0.00,0.00,7054944.31,68463.03,960377.45
2016-08-01,0.00,864.90,11.49,0.00,0.01,211.50,433.80,0.00,0.00,118.71,1.59,49.35,22.30,0.00,1.10,737144.52,861.18,3.46,84278.64,310739.12,669.90,0.00,66581957.47,820895.28,0.00,251.46,16458274.68,37657029.39,0.00,0.00,7238565.12,89382.35,1283116.77
2016-09-01,0.00,646.50,10.80,0.00,0.00,273.27,419.13,0.00,0.00,116.46,1.90,63.41,23.40,0.00,3.10,548523.33,808.44,0.00,107064.29,300367.61,624.74,0.00,49129678.96,788311.60,0.00,0.00,22583863.76,34367917.82,0.00,0.00,8068133.15,112495.25,1819844.41
2016-10-01,0.00,692.23,11.62,0.00,0.12,105.38,415.47,0.00,0.00,143.90,2.16,79.16,32.60,0.00,4.90,599306.55,868.54,106.14,41624.70,305240.26,653.18,0.00,35634083.63,568356.21,0.00,5155.67,5864638.15,21611448.61,0.00,0.00,6832896.72,96466.65,1709794.43
2016-11-01,0.00,653.27,10.55,0.00,0.09,178.43,376.57,0.00,0.00,138.52,2.24,88.58,38.20,0.00,5.10,549222.22,788.26,47.97,70659.31,269391.04,614.61,0.00,30416359.42,473332.52,0.00,3296.23,8669577.15,18633959.71,0.00,0.00,5790491.84,106310.42,2114895.54
2016-12-01,0.00,741.11,10.91,0.00,0.08,206.53,355.40,0.00,0.00,168.12,2.35,90.04,42.80,0.00,8.90,624016.94,814.37,73.78,81924.53,243163.98,603.35,0.00,32883636.24,441754.58,0.00,6550.07,9430590.82,16329747.54,0.00,0.00,6164182.36,104221.23,1994711.54
2017-01-01,0.00,780.16,10.60,0.00,0.00,233.68,402.29,0.00,0.00,153.35,2.18,89.96,43.30,0.00,8.00,678718.15,789.74,0.00,92382.96,273728.44,625.28,0.00,46498557.59,573299.52,0.00,0.00,15051291.26,26158370.20,0.00,0.00,7192824.52,137135.45,2858636.42
2017-02-01,0.00,687.54,9.56,0.00,0.03,220.87,376.64,0.00,0.00,133.86,1.85,83.00,39.00,0.00,7.80,608850.81,713.46,23.26,87166.94,256965.37,630.20,0.00,41504967.69,539984.91,0.00,3493.51,14655029.05,24885952.62,0.00,0.00,6145348.21,123456.57,2731153.30
2017-03-01,0.00,748.56,9.63,0.00,0.00,232.29,424.32,0.00,0.00,129.10,2.01,77.96,38.10,0.00,6.30,662781.52,720.75,0.00,91809.29,290720.62,644.16,0.00,45573431.73,553898.26,0.00,0.00,15227929.44,27831101.66,0.00,0.00,6398601.01,127872.51,2470967.24
2017-04-01,0.00,711.68,8.28,0.00,0.06,172.70,366.56,0.00,0.00,115.99,1.89,68.28,32.60,0.00,6.20,630023.84,623.14,54.35,68983.13,254025.86,659.80,0.00,35015323.50,390654.39,0.00,3138.74,8434005.72,17904188.73,0.00,0.00,4940801.63,86368.55,1542604.27
2017-05-01,0.00,751.70,10.96,0.00,0.00,213.26,411.51,0.00,0.00,100.56,1.59,55.73,30.90,0.00,4.70,665982.94,813.14,0.00,84654.98,304645.48,683.42,0.00,45432136.39,635136.02,0.00,0.00,13404424.94,25806577.31,0.00,0.00,5090791.75,85038.11,1437639.46
2017-06-01,0.00,701.07,10.68,0.00,0.10,224.24,466.28,0.00,0.00,111.64,1.44,52.16,25.30,0.00,2.80,625912.78,793.11,56.28,88598.17,321584.15,661.47,0.00,45665431.16,678766.14,0.00,6106.33,15577905.99,33032386.35,0.00,0.00,6200509.20,88474.89,1573368.11
2017-07-01,0.00,799.07,11.86,0.00,0.22,233.87,479.44,0.00,0.00,115.01,1.25,47.07,24.60,0.00,3.20,697834.40,880.32,124.01,92441.08,328217.60,663.29,0.00,57125903.14,825884.24,0.00,19578.02,18417394.64,38092496.66,0.00,0.00,7260452.62,81928.46,1418141.54
2017-08-01,0.00,821.24,11.96,0.00,0.01,202.26,462.04,0.00,0.00,116.61,1.57,64.19,24.60,0.00,1.00,695613.01,889.37,5.77,80372.82,320097.92,653.01,0.00,55241291.86,763968.91,0.00,1368.06,15109810.68,35061009.40,0.00,0.00,6742986.71,89263.41,1614368.40
2017-09-01,0.00,658.45,11.42,0.00,0.22,185.34,460.64,0.00,0.00,102.95,1.67,81.22,27.80,0.00,3.40,546620.43,850.62,126.28,74098.26,314826.01,623.55,0.00,42678649.78,726423.14,0.00,24429.36,12579694.53,32678679.30,0.00,0.00,5899727.26,87505.70,2010733.24
2017-10-01,0.00,579.96,12.09,0.00,0.03,185.53,480.18,0.00,0.00,136.94,2.08,100.59,31.40,0.00,3.90,504479.47,901.05,27.11,74176.25,346845.39,618.69,0.00,36285696.86,718997.06,0.00,2054.97,11916217.45,31244983.29,0.00,0.00,7511231.62,91484.61,2125962.49
2017-11-01,0.00,776.74,11.26,0.00,0.10,102.48,410.65,0.00,0.00,131.71,2.04,114.66,38.00,0.00,10.00,664455.54,839.81,59.46,40970.30,289996.56,642.94,0.00,50713253.78,694083.42,0.00,3130.36,6805636.85,28288810.07,0.00,0.00,7065042.61,119068.97,3385373.15
2017-12-01,0.00,793.02,11.46,0.00,0.11,165.08,372.55,0.00,0.00,156.80,2.13,122.80,38.40,0.00,11.90,672076.03,854.19,62.60,66000.25,249973.83,608.99,0.00,39155075.79,528262.02,0.00,14721.30,7987418.43,19564704.88,0.00,0.00,6444696.16,102545.91,2981379.59
2018-01-01,0.00,769.15,11.48,0.00,0.00,197.34,413.28,0.00,0.00,177.77,2.13,123.98,38.30,0.00,9.10,651492.04,856.01,0.00,78341.44,284766.22,599.04,0.00,35131846.15,475916.05,0.00,0.00,9048022.95,19707175.99,0.00,0.00,6958277.24,87578.66,2674687.62
2018-02-01,0.00,722.16,10.00,0.00,0.00,137.31,401.80,0.00,0.00,133.68,1.92,106.12,39.00,0.00,13.70,612491.43,747.67,3.98,54871.05,281279.56,627.49,0.00,33072660.63,426917.93,0.00,121.04,6206457.73,18677441.28,0.00,0.00,5359203.11,84784.03,2324985.69
2018-03-01,0.00,784.48,12.05,0.00,0.01,186.40,419.76,0.00,0.00,158.45,1.79,103.51,38.50,0.00,7.30,664623.46,906.03,5.13,74277.16,294191.26,620.49,0.00,38403103.23,530418.49,0.00,632.21,9248040.65,21777641.46,0.00,0.00,6208190.09,81713.77,2359779.96
2018-04-01,0.00,740.33,11.41,0.00,0.04,168.80,383.89,0.00,0.00,98.58,1.29,85.55,33.60,0.00,7.20,625322.37,859.98,38.30,67487.75,263531.52,642.49,0.00,31634192.77,458085.05,0.00,1759.94,7125999.62,16357767.84,0.00,0.00,3415979.14,46199.24,1636016.43
2018-05-01,0.00,732.51,11.80,0.00,0.01,179.98,413.38,0.00,0.00,150.53,1.55,74.87,33.10,0.00,4.90,616769.50,887.37,11.03,71853.63,295152.19,629.33,0.00,32037577.75,487394.21,0.00,451.97,7945340.31,18346802.94,0.00,0.00,5488053.03,62295.89,1441477.94
2018-06-01,0.00,740.16,11.69,0.00,0.68,204.24,531.41,0.00,0.00,86.91,1.25,55.69,24.10,0.00,3.90,644091.47,879.67,386.98,81128.45,363326.28,667.77,0.00,49812660.75,753255.83,0.00,56874.16,14300147.52,37484965.83,0.00,0.00,4758081.66,65822.78,1373955.25
2018-07-01,0.00,740.28,11.52,0.00,0.01,191.25,501.58,0.00,0.00,130.71,1.27,62.06,22.50,0.00,3.00,651908.62,866.28,14.00,76228.06,340896.96,652.90,0.00,39149657.03,576249.87,0.00,487.42,10407487.90,27173991.18,0.00,0.00,5688460.23,48710.08,1153743.39
2018-08-01,0.00,745.62,11.08,0.00,0.50,201.65,487.29,0.00,0.00,136.80,1.56,80.49,25.30,0.00,2.50,627614.17,837.72,284.02,80157.19,332428.95,625.42,0.00,44284820.80,617774.54,0.00,20876.53,13073364.02,31634718.94,0.00,0.00,7332115.28,63726.52,1512663.67
2018-09-01,0.00,619.62,10.30,0.00,0.00,176.56,475.03,0.00,0.00,108.46,1.95,107.04,28.20,0.00,2.60,515256.18,777.50,0.00,70546.43,324576.66,607.86,0.00,34879194.32,542446.78,0.00,0.00,10036311.25,28195367.97,0.00,0.00,5314156.71,63843.21,1603097.06
2018-10-01,0.00,568.32,10.91,0.00,0.77,179.50,460.52,0.00,0.00,123.36,2.18,117.03,33.00,0.00,7.00,479216.98,821.48,448.80,71741.95,332914.23,605.19,0.00,27331231.25,503763.82,0.00,27866.26,8741013.08,22520810.04,0.00,0.00,5316654.32,80342.78,2045774.60
2018-11-01,0.00,547.13,10.78,0.00,0.02,58.16,504.88,0.00,0.00,140.56,2.59,143.83,36.00,0.00,6.10,475087.88,809.75,15.15,23183.01,358058.10,608.80,0.00,25389032.65,471818.43,0.00,291.36,2689700.87,23640389.10,0.00,0.00,5930821.23,74532.56,1930648.21
2018-12-01,0.00,647.31,10.39,0.00,0.14,172.02,435.08,0.00,0.00,147.45,4.59,191.17,40.90,0.00,9.00,539257.71,781.21,132.48,68635.04,297336.41,563.47,0.00,26903399.67,406899.66,0.00,5201.97,7178305.05,18057009.00,0.00,0.00,5576905.72,155831.60,3297654.30
2019-01-01,0.00,692.44,10.23,0.00,0.00,172.56,411.76,0.00,0.00,183.81,5.01,197.47,42.90,0.00,7.00,578590.84,768.26,0.00,68953.13,282051.66,556.01,0.00,27609067.81,371839.75,0.00,0.00,6748840.42,16189979.13,0.00,0.00,6231426.91,174099.45,3407473.65
2019-02-01,0.00,689.44,9.14,0.00,0.00,164.93,393.16,0.00,0.00,168.74,4.37,169.48,39.20,0.00,13.20,581916.65,687.98,0.00,65839.29,265871.47,571.71,0.00,32201720.54,403200.49,0.00,0.00,7788646.91,19007445.93,0.00,0.00,7041967.70,190785.27,3791769.01
2019-03-01,0.00,639.79,10.00,0.00,0.83,216.88,436.04,0.00,0.00,175.57,3.96,159.18,40.40,0.00,10.10,530069.02,752.15,464.51,85788.78,281852.61,547.37,0.00,34086083.12,502123.12,0.00,37968.57,11839860.38,24559322.09,0.00,0.00,7418779.04,195235.59,4043430.06
2019-04-01,0.00,627.50,9.48,0.00,0.04,172.40,368.31,0.00,0.00,172.69,3.18,133.20,33.90,0.00,3.70,520465.00,712.98,37.80,68881.70,240880.15,558.91,0.00,27732353.82,393770.05,0.00,1719.38,7670503.80,16738857.70,0.00,0.00,6512028.43,115515.52,2326676.58
2019-05-01,0.00,727.52,8.67,0.00,0.95,178.49,396.09,0.00,0.00,175.91,3.22,117.49,29.70,0.00,1.50,611366.44,653.32,540.19,71314.73,284328.92,601.99,0.00,35222293.07,392292.77,0.00,40889.73,8699863.93,20126356.00,0.00,0.00,7308376.33,123689.01,2175120.36
2019-06-01,0.00,693.24,8.81,0.00,0.00,181.66,454.80,0.00,0.00,178.54,2.24,82.71,25.40,0.00,2.40,581008.71,662.10,0.00,72336.09,303326.09,597.59,0.00,35096338.29,420559.50,0.00,0.00,9040738.56,24079032.88,0.00,0.00,7796726.91,97169.53,1682619.31
2019-07-01,0.00,735.94,9.57,0.00,0.00,186.67,469.92,0.00,0.00,139.73,2.75,103.08,23.20,0.00,4.90,622333.87,720.61,0.00,74516.84,310713.84,611.95,0.00,34840479.89,420731.95,0.00,0.00,8813948.24,23484011.20,0.00,0.00,5527465.95,99238.99,1724641.70
2019-08-01,0.00,657.72,9.60,0.00,0.00,199.45,467.96,0.00,0.00,181.59,3.27,135.59,29.90,0.00,1.90,546904.76,724.15,0.00,79383.64,306169.00,563.80,0.00,30852308.95,423055.11,0.00,0.00,9374402.89,23254550.60,0.00,0.00,7124503.69,105175.99,2024818.32
2019-09-01,0.00,574.53,9.05,0.00,0.00,178.57,422.72,0.00,0.00,152.42,3.93,164.98,32.60,0.00,1.70,468828.23,680.88,0.00,71311.58,282419.16,546.57,0.00,24016859.77,360068.35,0.00,0.00,7547001.16,18108249.23,0.00,0.00,6215464.89,112255.17,2251564.73
2019-10-01,0.00,569.63,9.30,0.00,0.01,114.35,471.40,0.00,0.00,184.73,4.88,195.43,37.30,0.00,4.50,465260.92,703.50,7.40,45511.71,324505.18,539.44,0.00,28744029.41,437748.27,0.00,280.20,5215739.12,24614599.84,0.00,0.00,8917061.32,154785.35,4494821.36
2019-11-01,0.00,561.03,8.99,0.00,0.61,39.26,516.51,0.00,0.00,224.20,5.32,225.58,41.10,0.00,5.70,484574.75,675.39,354.27,14657.44,358104.44,542.75,0.00,29490175.81,459207.36,0.00,25034.30,2776408.77,28890792.42,0.00,0.00,11208962.99,229427.09,9781543.69
2019-12-01,0.00,779.73,8.99,0.00,0.00,107.76,541.83,0.00,0.00,193.70,5.35,236.26,41.60,0.00,12.10,655220.99,675.92,0.00,41760.94,364412.87,566.85,0.00,50363945.25,541297.62,0.00,0.00,7248764.29,38908062.17,0.00,0.00,11234081.22,309735.39,14155715.80
2020-01-01,0.00,676.01,8.73,0.00,0.00,118.83,502.66,0.00,0.00,209.84,5.53,242.49,40.40,0.00,9.20,558284.83,656.35,0.00,47403.74,343259.11,538.30,0.00,37526810.20,446118.87,0.00,0.00,5836426.64,28713834.98,0.00,0.00,10254162.67,253152.55,5747176.12
2020-02-01,0.00,709.26,8.44,0.00,0.00,201.46,493.78,0.00,0.00,178.18,3.89,188.58,43.30,0.00,13.70,593663.20,634.37,0.00,79608.81,327188.25,561.28,0.00,46271571.20,535783.13,0.00,0.00,14419963.21,35271822.02,0.00,0.00,10073502.52,207183.41,5240125.91
2020-03-01,0.00,649.07,8.79,0.00,0.03,190.66,461.76,0.00,0.00,176.07,2.68,189.04,37.20,0.00,8.00,533064.30,659.89,14.47,75962.25,307840.41,546.77,0.00,32799819.30,417158.11,0.00,1658.50,9766882.19,24469887.53,0.00,0.00,7406924.76,115263.62,4357752.88
2020-04-01,0.00,614.54,8.51,0.00,0.00,170.09,414.95,0.00,0.00,128.90,2.69,152.81,39.60,0.00,8.30,502391.39,639.31,4.01,67941.34,276265.08,567.67,0.00,29664945.76,383522.35,0.00,134.92,8051714.06,20312322.94,0.00,0.00,5285386.63,97612.17,2567155.99
2020-05-01,0.00,529.50,8.51,0.00,2.46,205.59,515.66,0.00,0.00,174.39,1.55,131.63,30.40,0.00,2.30,439471.82,638.00,1388.24,81438.42,357253.94,560.89,0.00,31338168.36,476377.66,0.00,120152.08,12294751.56,33332166.65,0.00,0.00,9067194.60,64050.62,2633713.55
2020-06-01,0.00,617.34,8.05,0.00,0.04,186.37,476.35,0.00,0.00,157.76,3.10,107.52,25.90,0.00,5.90,516932.15,603.16,34.06,74209.73,310165.03,579.46,0.00,36117892.93,446696.80,0.00,2691.83,11124091.08,29747806.33,0.00,0.00,8140317.33,142598.14,2236820.12
2020-07-01,0.00,748.33,8.14,0.00,0.01,178.95,408.33,0.00,0.00,168.69,7.87,132.31,25.10,0.00,3.60,630304.07,609.70,7.69,71515.00,272303.79,589.82,0.00,39917900.26,403679.07,0.00,411.17,9273806.77,23104078.05,0.00,0.00,7535616.20,296680.03,2276276.18
2020-08-01,0.00,666.56,8.39,0.00,0.03,181.50,419.73,0.00,0.00,214.44,15.78,156.75,26.50,0.00,3.70,560664.41,628.12,14.79,72487.82,280159.99,549.52,0.00,37739439.12,418666.70,0.00,119.03,9953538.72,25347699.09,0.00,0.00,10039852.03,397367.84,1652042.88
2020-09-01,0.00,465.47,8.19,0.00,3.81,166.68,427.40,0.00,0.00,238.58,13.80,188.43,30.00,0.00,5.20,377974.77,610.86,2143.23,66638.33,289976.16,487.55,0.00,24173938.33,374391.56,0.00,171226.52,8451273.21,23788761.02,0.00,0.00,9039382.25,462908.09,1344771.48
2020-10-01,0.00,452.01,8.76,0.00,0.02,163.05,390.16,0.00,0.00,266.23,25.26,257.10,35.90,0.00,3.70,365276.74,654.12,19.48,65185.52,280557.67,455.46,0.00,23698645.94,408750.25,0.00,-684.72,8476451.08,21761071.97,0.00,0.00,11794764.92,770537.15,3135978.95
2020-11-01,0.00,497.99,8.33,0.00,0.06,120.37,346.78,0.00,0.00,258.17,27.90,247.70,36.10,0.00,7.40,399581.40,622.22,62.14,48068.13,243453.46,458.96,0.00,21692534.87,332387.69,0.00,3677.09,5019121.08,15335029.72,0.00,0.00,9828774.69,897328.14,3355620.93
2020-12-01,0.00,545.41,8.39,0.00,0.00,187.40,387.91,0.00,0.00,347.25,40.30,309.07,41.70,25.30,4.90,454904.70,626.38,0.00,74375.87,269741.28,437.99,0.00,25925838.35,328400.98,0.00,0.00,9212197.81,19735148.74,0.00,0.00,12608232.41,1510085.25,4559527.05
2021-01-01,0.00,635.38,8.06,0.00,0.00,190.62,382.54,0.00,0.00,369.76,44.65,303.29,41.50,25.43,11.70,525257.53,600.52,0.00,75632.06,266780.74,448.88,0.00,38279811.22,408657.33,0.00,0.00,11725206.35,25216097.63,0.00,0.00,16341359.70,2086061.90,7075942.08
2021-02-01,0.00,556.12,7.61,0.00,0.00,155.96,301.37,0.00,0.00,339.66,34.98,248.16,36.90,23.41,14.60,459144.76,568.71,0.35,62199.40,204578.77,441.94,0.00,24622545.12,277246.13,0.00,16.54,6525096.37,13451629.72,0.00,0.00,11130680.37,1015802.81,3685479.59
2021-03-01,0.00,658.88,8.47,0.00,0.00,191.86,334.62,0.00,0.00,297.43,35.60,238.06,39.30,23.06,7.70,554425.03,630.83,0.00,76249.24,219320.98,481.96,0.00,36853508.22,422574.62,0.00,0.00,10760601.49,20226286.02,0.00,0.00,12592464.51,1580985.08,5307930.48
2021-04-01,0.00,651.27,7.89,0.00,0.24,179.63,343.51,0.00,0.00,160.03,22.60,195.75,33.60,19.71,7.40,541179.74,589.07,231.11,71552.13,242804.01,548.62,0.00,35486923.91,404623.86,0.00,17963.90,9880237.63,19418717.49,0.00,0.00,7277106.26,889939.58,3524287.03
2021-05-01,0.00,629.35,7.59,0.00,1.61,187.81,395.81,0.00,0.00,233.03,15.12,151.79,29.10,16.18,5.70,546708.46,567.39,909.12,74843.01,283221.96,558.69,0.00,40554979.85,460137.86,0.00,125814.57,12092051.19,27690874.97,0.00,0.00,12233967.12,703557.12,3424188.78
2021-06-01,0.00,784.54,6.85,0.00,0.00,203.57,358.69,0.00,0.00,238.68,18.39,141.34,21.80,12.34,0.60,665868.19,510.04,0.00,80520.57,241666.44,564.23,0.00,53308289.78,421220.04,0.00,0.00,14096837.25,27829315.41,0.00,0.00,12290014.33,835369.42,2813866.42
2021-07-01,0.00,808.64,7.51,0.00,0.00,203.73,287.66,0.00,0.00,311.53,15.30,130.06,21.30,13.95,5.10,685964.19,560.67,0.00,80542.87,187342.68,540.92,0.00,46433255.76,396417.84,0.00,0.00,12203450.77,18680183.99,0.00,0.00,13748318.46,631384.22,2531862.56
2021-08-01,0.00,725.81,8.07,0.00,0.03,191.35,298.71,0.00,0.00,264.88,26.01,189.75,25.80,13.86,3.00,617710.94,600.24,17.74,75952.07,198307.95,523.63,0.00,39350411.93,392366.34,0.00,1241.40,10574023.48,17854773.16,0.00,0.00,11473159.82,827760.02,2433977.88
2021-09-01,0.00,556.69,8.11,0.00,2.57,163.08,295.71,0.00,0.00,257.90,29.04,246.17,29.90,14.58,3.60,464049.15,603.04,1441.78,64791.52,201973.69,470.00,0.00,28372746.24,366851.03,0.00,104627.70,9095544.54,16637814.02,0.00,0.00,10508573.17,861997.95,3080506.39
2021-10-01,0.00,559.73,8.18,0.00,0.01,133.06,315.33,0.00,0.00,263.89,35.89,282.52,29.20,15.05,3.70,464013.12,608.66,10.98,52889.33,231209.60,468.37,0.00,29334548.05,386808.96,0.00,404.61,7472422.12,18404955.04,0.00,0.00,12365853.17,997002.40,3176220.25
2021-11-01,0.00,475.36,7.87,0.00,0.01,152.73,272.78,0.00,0.00,295.44,41.79,324.69,36.80,19.64,7.30,404235.12,587.81,9.23,60981.25,194797.14,420.59,0.00,22424092.30,322170.49,0.00,-212.65,7379334.79,13609284.08,0.00,0.00,12012666.83,1144825.82,3854461.88
2021-12-01,0.00,640.43,8.17,0.00,0.01,182.85,289.24,0.00,0.00,359.00,47.91,360.15,43.00,24.35,9.10,534151.75,610.43,9.79,72051.40,203343.91,429.17,0.00,40486922.57,431892.48,0.00,172.82,12423650.42,21768088.95,0.00,0.00,18378980.49,2066944.32,7404051.26
2022-01-01,0.00,739.08,7.80,0.00,0.00,208.88,256.37,0.00,0.00,405.68,50.21,368.68,41.60,26.18,15.30,619390.27,582.63,0.00,82463.06,176928.21,431.76,0.00,44908526.97,407130.54,0.00,0.00,13472850.58,18577595.17,0.00,0.00,20283655.31,2512997.54,9399350.02
2022-02-01,0.00,734.84,6.89,0.00,0.01,206.19,300.31,0.00,0.00,318.42,38.00,314.23,42.60,26.25,10.20,622636.00,516.00,6.74,80985.19,208127.46,475.41,0.00,50479020.41,434353.40,0.00,357.72,15412819.06,25355027.75,0.00,0.00,17937501.85,2305635.63,10201635.95
2022-03-01,0.00,756.53,7.53,0.00,0.01,149.59,250.92,0.00,0.00,343.94,33.75,273.35,38.10,23.58,8.70,636927.83,560.90,7.70,59287.29,178471.83,482.07,0.00,40961390.68,365074.13,0.00,689.40,8919869.67,15498276.08,0.00,0.00,14966519.57,1376984.97,5614171.48
2022-04-01,0.00,581.37,7.97,0.00,0.01,201.33,266.19,0.00,0.00,277.44,27.14,238.90,31.90,19.18,6.40,496199.49,596.32,3.49,79580.42,187954.75,477.60,0.00,42021414.59,521043.67,0.00,361.12,14780773.05,20463862.52,0.00,0.00,16426204.33,1398279.00,6074756.95
2022-05-01,0.00,702.48,7.68,0.00,2.57,208.06,220.44,0.00,0.00,252.70,20.36,200.43,26.10,15.54,2.90,598460.87,578.28,1444.84,82178.66,147461.34,514.10,0.00,45084765.27,463214.36,0.00,160583.20,13051389.56,15390652.59,0.00,0.00,13956528.67,1026816.45,4833003.38
2022-06-01,0.00,503.12,8.69,0.00,0.01,350.63,375.57,0.00,0.00,263.61,18.67,160.07,22.90,14.08,2.20,434599.68,647.76,11.83,135777.31,261085.01,495.21,0.00,36090478.66,577947.81,0.00,572.41,24270756.30,28936653.60,0.00,0.00,15604169.15,1021075.03,3926003.21
2022-07-01,0.00,510.41,8.38,0.00,0.00,363.88,435.54,0.00,0.00,255.66,20.15,171.97,22.70,13.54,5.30,458014.52,622.88,1.52,140754.97,303203.77,511.10,0.00,39420277.46,603511.72,0.00,318.21,26574927.30,36330366.54,0.00,0.00,16288270.79,1221251.71,4864847.38
2022-08-01,0.00,481.92,7.12,0.00,0.01,350.16,440.56,0.00,0.00,299.20,24.95,220.28,23.30,12.79,2.60,423016.38,527.84,3.43,135713.91,314366.50,478.91,0.00,38323586.45,510974.46,0.00,313.64,26445544.39,37984072.83,0.00,0.00,20593885.94,1195980.41,4575987.32
2022-09-01,0.00,352.25,7.25,0.00,0.01,239.28,472.22,0.00,0.00,236.25,27.81,270.47,28.20,14.93,3.30,289643.19,533.96,4.54,91730.46,330776.17,443.90,0.00,27644336.37,529135.41,0.00,-138.67,18082224.64,41299707.10,0.00,0.00,15569084.17,1427457.92,6134870.97
2022-10-01,0.00,314.93,7.17,0.00,0.03,30.30,576.12,0.00,0.00,273.33,34.97,338.05,32.00,15.38,3.40,254523.37,528.53,19.09,11312.88,404430.43,425.94,0.00,25638090.37,542705.19,0.00,1104.17,1942903.92,51214744.25,0.00,0.00,20434177.47,1949451.95,7945784.26
2022-11-01,0.00,298.67,6.35,0.00,0.11,0.00,563.98,0.00,0.00,270.34,38.62,363.23,37.20,18.86,3.80,244086.46,473.01,91.29,0.58,391033.01,412.43,0.00,24272157.84,451726.32,0.00,60336.19,140.28,50028218.13,0.00,0.00,18763314.50,1803957.78,7248852.65
2022-12-01,0.00,353.57,7.24,0.00,0.01,120.38,515.40,0.00,0.00,325.01,46.29,407.09,36.70,22.82,11.00,292750.05,541.90,4.39,46813.87,358686.84,393.69,0.00,29434085.12,515971.10,0.00,302.04,9364851.41,46351953.03,0.00,0.00,22996652.85,2461270.81,10334096.04
2023-01-01,0.00,522.41,7.74,0.00,0.01,208.03,370.29,0.00,0.00,371.30,45.48,422.75,40.50,25.19,12.80,440935.18,577.41,5.86,80680.43,262283.39,402.71,0.00,40895829.39,524327.85,0.00,892.42,16851088.72,30286791.75,0.00,0.00,24380608.22,2685733.87,11610311.14
2023-02-01,0.00,588.93,6.98,0.00,0.05,225.47,247.52,0.00,0.00,330.56,38.91,357.71,38.80,24.70,10.80,498535.15,519.78,32.25,87310.77,178316.71,425.76,0.00,46495560.85,513170.72,0.00,7684.67,18367860.53,22275691.86,0.00,0.00,23374057.22,2483769.19,11302777.33
2023-03-01,0.00,610.27,7.64,0.00,0.09,240.28,302.34,0.00,0.00,271.76,34.16,334.75,37.90,22.72,11.50,507559.90,572.93,78.19,93352.01,210375.82,450.76,0.00,53600924.10,625088.57,0.00,8573.77,22436977.66,29745963.12,0.00,0.00,20941494.70,2379187.55,11518149.06
2023-04-01,0.00,473.64,7.29,0.00,0.04,268.03,326.81,0.00,0.00,205.79,28.30,253.39,30.80,17.17,5.50,398300.36,544.14,30.83,104161.74,234898.76,472.04,0.00,42606958.40,622836.88,0.00,2503.84,24592380.12,31706194.64,0.00,0.00,16835757.74,1848756.67,7345955.68
2023-05-01,0.00,512.89,8.24,0.00,4.21,307.59,329.14,0.00,0.00,274.36,20.89,211.86,28.10,15.82,1.20,424032.89,613.02,2365.91,119519.30,234575.65,467.96,0.00,49841624.92,752938.68,0.00,308774.82,31505255.82,39347710.81,0.00,0.00,21560633.05,1370849.75,6413066.18
2023-06-01,0.00,570.55,7.95,0.00,0.53,361.54,491.92,0.00,0.00,187.57,17.74,175.61,20.50,11.59,-0.50,469790.89,591.61,475.42,139984.54,340417.93,524.57,0.00,77678283.36,1035344.41,0.00,194794.93,49646343.39,83509708.29,0.00,0.00,21778376.75,1693312.26,7369574.72
2023-07-01,0.00,603.56,7.71,0.00,0.01,301.00,436.08,0.00,0.00,249.08,20.52,194.89,21.30,13.27,3.30,507013.69,572.77,3.74,117163.83,311358.94,516.38,0.00,64133159.64,796869.78,0.00,565.96,33286410.37,55634831.30,0.00,0.00,22238244.15,1575596.28,6525353.48
2023-08-01,0.00,502.73,7.62,0.00,0.01,328.70,445.08,0.00,0.00,214.39,26.67,259.12,29.90,13.65,3.10,438319.15,566.49,8.18,127596.25,308377.10,490.31,0.00,52450725.82,741059.52,0.00,1003.78,34055379.80,49436467.77,0.00,0.00,19298668.67,2031870.50,9168862.01
2023-09-01,-0.21,349.25,6.94,0.00,0.00,279.82,344.95,0.18,0.00,231.14,26.41,288.67,34.90,16.31,5.60,286192.36,514.49,5.19,108693.80,243572.74,418.41,2748.45,25365479.12,453342.27,0.00,130.92,22088001.08,27900689.88,3219.65,0.00,14928360.38,1224436.42,4321530.64
2023-10-01,-1.76,481.08,6.93,0.00,0.25,154.28,267.19,1.31,0.00,298.35,40.03,390.28,36.30,19.07,5.40,411436.89,518.24,288.20,60638.32,217668.36,421.60,85699.37,45892511.45,547754.05,0.00,68488.21,16063665.51,33188384.63,181317.46,0.00,24960318.68,1703880.04,5575569.22
2023-11-01,0.00,764.03,9.87,0.00,0.68,264.51,405.22,0.00,0.00,423.05,53.99,387.66,39.00,23.55,12.30,658788.44,733.79,690.83,104013.24,315301.40,467.53,0.00,97746879.13,1117924.06,0.00,288008.82,36430460.98,70664721.48,0.00,0.00,42083855.85,4539101.93,11689517.65
2023-12-01,-4.13,548.22,7.36,0.00,0.28,189.07,294.35,3.43,0.00,357.29,38.31,457.61,37.80,24.40,13.00,452075.71,546.08,396.24,74305.64,233546.40,402.20,53754.68,49544432.18,549750.24,0.00,170338.02,20958436.54,34389351.08,525150.81,0.00,29045290.81,2402086.08,13568009.10
2024-01-01,-7.64,639.96,6.46,0.00,7.58,172.63,381.05,6.36,0.00,327.13,34.33,466.75,42.70,25.78,12.90,529849.99,487.45,4513.53,68228.02,271870.19,430.03,258282.26,62060474.40,506428.09,0.00,625181.79,20262727.67,47910004.16,1320350.26,0.00,26476844.17,2444793.70,19640606.52
2024-02-01,-8.08,645.44,5.98,0.00,1.31,233.98,436.35,6.77,0.00,328.04,33.45,396.00,43.50,27.02,13.90,540531.12,449.23,1201.66,91463.23,310084.01,453.88,377096.41,63378403.96,449739.51,0.00,322732.09,24273022.65,50616557.75,1089272.86,0.00,22132473.33,3229803.96,20915073.20
2024-03-01,-9.83,517.22,6.19,0.00,0.78,181.34,329.67,8.32,0.00,383.92,29.83,388.29,36.30,23.42,8.90,428520.76,469.21,803.95,71591.25,247831.00,408.13,398670.83,52476518.11,505549.14,0.00,283764.84,20145426.12,40845619.64,1606525.45,0.00,31757348.70,1813408.76,16611616.14
2024-04-01,-9.71,443.06,6.09,0.00,0.50,159.75,334.51,8.34,0.00,352.88,25.69,323.55,36.80,21.00,7.90,361604.14,460.06,562.54,63527.09,244357.79,407.69,345678.89,42084075.48,462729.32,0.00,196241.99,16352663.20,36966485.43,1498993.67,0.00,23297739.37,1609193.15,14697433.82
2024-05-01,-9.48,544.98,6.67,0.00,0.46,249.64,342.80,8.08,0.00,261.70,19.78,237.51,29.40,18.42,6.30,450101.43,498.82,485.08,97589.84,254940.11,483.48,309978.93,55341182.83,596128.95,0.00,104770.51,28331623.72,43651009.24,1619847.65,0.00,16708145.96,1450041.20,10224564.17
2024-06-01,-4.92,628.53,5.84,0.00,0.74,208.83,416.13,4.10,0.00,218.13,10.61,203.09,26.00,14.51,2.40,521639.62,435.95,674.88,82602.44,303730.42,537.57,158977.21,55648583.23,418780.13,0.00,116248.99,18431088.79,43848962.32,547146.44,0.00,14301320.44,743886.82,3154162.77
2024-07-01,-3.89,539.93,5.48,0.00,0.73,274.20,418.10,3.27,0.00,309.74,16.86,221.31,23.20,14.06,3.10,440905.70,408.13,672.61,107061.11,301360.74,476.22,265183.75,55444001.71,477017.46,0.00,72422.91,29020453.03,52184341.81,335977.91,0.00,23091514.62,1150182.74,7135583.68
2024-08-01,-11.86,580.29,5.33,0.00,0.87,257.49,337.71,10.35,0.00,282.04,18.93,264.06,26.00,14.89,3.40,475535.91,397.53,806.08,100867.97,257500.52,478.51,839482.18,65271261.81,528223.21,0.00,125700.81,31402385.92,49487938.83,1354055.65,0.00,22548210.28,1282462.63,7256860.92
2024-09-01,-18.44,412.05,5.52,0.00,1.00,172.68,338.68,16.07,0.00,297.42,19.87,383.81,28.70,15.66,5.70,328057.21,413.29,935.16,68489.43,250231.02,397.95,-61109.16,35222888.45,320243.72,0.00,150919.18,16846800.29,34968133.27,1424141.57,0.00,22667801.55,637996.31,-2106910.78
2024-10-01,-27.72,416.24,6.13,0.00,1.14,169.88,362.99,23.92,0.00,263.17,27.34,440.57,35.50,18.00,6.10,338917.20,457.80,1067.67,67783.10,281069.81,409.40,-130073.02,46822628.84,541554.39,0.00,187043.28,19703873.26,47741882.81,4728776.46,0.00,28919010.90,1674975.81,3695888.14
2024-11-01,-25.12,321.83,5.77,0.00,1.23,218.98,299.79,21.55,0.00,312.91,26.30,441.81,36.70,20.50,7.40,269361.64,430.59,1149.43,85793.03,238853.50,366.50,461891.00,28333592.44,417878.09,0.00,206220.34,22451330.93,34096624.15,2256558.68,0.00,27044370.64,1133507.78,6496837.00
2024-12-01,-37.15,526.38,7.00,0.00,1.29,240.17,299.83,32.22,0.00,373.40,51.83,504.60,43.20,24.58,8.00,428569.82,519.66,1194.25,94064.29,223792.86,374.15,2095721.94,52809340.42,605822.04,0.00,175481.24,24981851.95,38622011.25,3878710.18,0.00,29891807.62,3951789.88,38635544.30
2025-01-01,-33.03,643.80,6.99,0.00,1.50,278.04,349.88,28.02,0.00,348.91,60.45,482.38,44.10,26.28,11.60,531011.27,518.57,1378.65,108530.03,263086.21,417.42,2409644.36,66590705.18,652074.63,0.00,179686.81,29838606.66,44596068.19,3605311.66,0.00,31270269.52,5122885.16,37159275.83
2025-02-01,-34.52,559.89,6.40,-0.62,1.13,229.91,268.57,28.42,0.00,315.88,56.05,415.02,40.50,24.57,12.10,463348.58,471.83,1082.19,89582.97,210310.05,414.27,2334882.01,51750230.36,540154.92,0.00,101478.92,21752883.85,29730288.29,3345267.92,0.00,25702007.34,4099910.68,26160956.31
2025-03-01,-23.54,498.21,6.61,-1.80,0.29,266.37,323.30,19.99,0.00,352.70,51.26,419.14,41.00,24.26,8.80,405669.99,487.89,256.88,103573.56,246129.28,395.35,1308648.44,49049599.23,587645.30,0.00,59055.05,27165922.07,41011381.84,2730649.75,338.67,29456898.39,4317176.70,27944200.84
2025-04-01,-41.11,544.44,6.47,-0.74,1.97,188.88,245.20,35.60,0.01,307.28,32.93,327.48,35.00,20.37,4.70,441567.29,476.86,1168.62,74421.23,208117.69,440.27,2483816.35,50505909.37,565594.90,67690.10,169453.37,17849006.58,29372949.62,3983201.96,982.47,25224339.22,2460333.07,20853599.22